Josiah Mills,October 25  1862  Oldham  Lancashire ,,Lancashire,,Right-hand bat,,Wicketkeeper,
John Michael Mills,July 27  1921  Edgbaston  Birmingham  Warwickshire ,,Cambridge University ,,Right-hand bat,Legbreak googly,Son - ,
John Peter Crispin Mills,December 6  1958  Kettering  Northamptonshire ,59 years 123 days,Cambridge University ,,Right-hand bat,Right-arm medium,Father - ,
Katherine Elizabeth Mills,February 10  2000  Bath  Somerset ,18 years 57 days,Wiltshire Women,,,,,
Oliver Charles H Mills,November 10  1993  Winchester  Hampshire ,24 years 149 days,Hampshire 2nd XI ,,Right-hand bat,Right-arm medium,Winchester College,
Percy Thomas Mills,May 7  1879  Cheltenham  Gloucestershire ,,Gloucestershire,,Right-hand bat,Right-arm medium,December 8  1950  Abingdon  Berkshire (aged 71 years 215 days) ,
Richard Mills,February 16  1798  Pump Farm  Benenden  Kent ,,Kent,,Left-hand bat,Left-arm medium (roundarm),Brother - ,
Richard John Mills,December 1  1991  Leeds ,26 years 128 days,Wiltshire,,Right-hand bat,Right-arm medium,,
Tymal Solomon Mills,August 12  1992  Dewsbury  Yorkshire ,25 years 239 days,England ,,Right-hand bat,Left-arm fast,,
W Mills,date unknown ,,Kent,,,,,
William Mills,December 16  1818  Westminster  London ,,Cambridge Town Club ,,,,September 22  1877  St John's Wood  London (aged 58 years 280 days) ,
Walter George Mills,June 2  1852  Dalston  London ,,Lancashire,,Right-hand bat,Right-arm fast (roundarm),January 6  1902  Chorlton-cum-Hardy  Lancashire (aged 49 years 218 days) ,
Arthur Millward,July 4  1858  Kidderminster  Worcestershire ,,North of England,,Right-hand bat,Right-arm offbreak,Umpire,
George Millyard,November 12  1814  Petworth  Sussex ,,Sussex,,Left-hand bat,Right-arm medium (roundarm),July 20  1848  Petworth  Sussex (aged 33 years 251 days) ,
Dermot Lionel Kennedy Milman,October 24  1912  Eltham  Kent ,,Cambridge University,,Right-hand bat,Slow left-arm orthodox,January 13  1990  Warlingham  Surrey (aged 77 years 81 days) ,
George Alderson Milman,October 11  1830  Westminster  London ,,Marylebone Cricket Club,,Right-hand bat,Right-arm medium (roundarm),December 29  1898  Heavitree  Devon (aged 68 years 79 days) ,
Andrew Paul Milne,December 1  1969  Bedford ,48 years 128 days,Bedfordshire,,Right-hand bat,Right-arm fast-medium,,
George Taylor Milne,January 18  1877  Westgate  Newcastle upon Tyne  Northumberland ,,Minor Counties,,Left-hand bat,Left-arm bowler,November 3  1968  Newcastle upon Tyne  Northumberland (aged 91 years 290 days) ,
Robert Alexander Milne,June 13  1960  Hackney  London ,57 years 299 days,Cambridgeshire,,Right-hand bat,,,
Robert Oswald Milne,September 10  1852  Prestwich  Manchester  Lancashire ,,Lancashire,,,,September 6  1927  Leamington Spa  Warwickshire (aged 74 years 361 days) ,
C Milner,date unknown ,,Cambridgeshire,,,,,
Joseph Milner,August 22  1937  Johannesburg  Transvaal  South Africa ,,Essex,,Right-hand bat,,1993  South Africa (aged 55 years) ,
Marcus Henry Milner,April 16  1864  West Retford House  Nottinghamshire ,,Cambridge University,,Left-hand bat,Left-arm medium,Nephew - ,
Steven Andrew Milner,February 22  1953  Davyhulme  Manchester  Lancashire ,65 years 45 days,Minor Counties,,Left-hand bat,Right-arm fast-medium,,
Matthew Edward Milnes,July 29  1994  Nottingham ,23 years 253 days,Durham 2nd XI ,,Right-hand bat,Right-arm medium-fast,West Bridgford Comprehensive School and Sixth Form College; Durham University,
Thomas Patrick Milnes,October 6  1992  Stourbridge  Worcestershire ,25 years 184 days,Derbyshire ,,Right-hand bat,Right-arm fast-medium,,
D Milns,date unknown ,,,,,,Umpire,
Alexander Geoffrey Milton,May 19  1996  Redhill  Surrey ,21 years 324 days,Glamorgan 2nd XI ,Wicketkeeper,Right-hand bat,Legbreak,Malvern College,
Clement Arthur Milton,March 10  1928  Bedminster  Somerset ,,England ,,Right-hand bat,Right-arm medium,April 25  2007  Bristol (aged 79 years 46 days) ,
Harold Aubrey Milton,January 15  1882  Hackney Downs  London ,,Middlesex,,Right-hand bat,,March 14  1970  Islington  London (aged 88 years 58 days) ,
Michael Edward Milton,November 28  1943  St Pancras  London ,74 years 131 days,Buckinghamshire,,Right-hand bat,Slow left-arm orthodox,,
William Thomas Spencer,October 12  1815 ,,Sheffield,,,,February 20  1902  Wentworth  Yorkshire (aged 86 years 131 days) ,
Malcolm Milward,August 22  1948  Stoke-on-Trent  Staffordshire ,69 years 229 days,Staffordshire,,Right-hand bat,Right-arm medium,,
John Minchin,1741 ,,England ,,,,October 23  1793  Kingston-upon-Thames  England (aged 52 years) ,
John Harry Minney,April 25  1939  Finedon  Northamptonshire ,,Cambridge University ,,Right-hand bat,Right-arm medium,April 1  2016  Finedon  Northamptonshire (aged 76 years 342 days) ,
Arnold Minnis,October 26  1891  Oughty Bridge  Sheffield  Yorkshire ,,Army,,Right-hand bat,Slow left-arm orthodox,September 26  1972  Cirencester  Gloucestershire (aged 80 years 336 days) ,
Robert Ernest Frederick Minns,November 18  1940  Penang  Malaya ,77 years 141 days,Kent ,,Right-hand bat,,,
John Minshull,1741  Acton  Middlesex ,,Kent ,,,,5 ft 9 in ,
John Minter,1818 ,,Gentlemen of Kent,,,,1893  Thanet  Kent (aged 75 years) ,
Ryan James Minter,September 24  1979  Canterbury  Kent ,38 years 196 days,Kent Cricket Board,,Right-hand bat,Right-arm medium-fast,,
Robert Samuel Minton,January 4  1899  Kensington  London ,,Sussex,,,,August 3  1928  near Three Bridges  Sussex (aged 29 years 212 days) ,
George Tiernay Mirehouse,May 11  1863  St George's Hill  Easton-in-Gordano  Somerset ,,Cambridge University ,,Right-hand bat,Right-arm medium-fast,March 5  1923  Turramurra  Sydney  New South Wales  Australia (aged 59 years 298 days) ,
William Edward Mirehouse,October 29  1844  Hambrook Grove  Bristol ,,Gloucestershire,,Right-hand bat,,June 16  1925  Hambrook  Bristol (aged 80 years 230 days) ,
Imran Khalid Mirza,October 23  1978  Bradford  Yorkshire ,39 years 167 days,Leeds/Bradford MCCU,,Right-hand bat,Right-arm medium,Wicketkeeper,
Maneer Mohammed Mirza,April 1  1978  Birmingham  Warwickshire ,40 years 7 days,Worcestershire,,Right-hand bat,Right-arm fast-medium,,
Parvaz Mirza,December 17  1970  Birmingham  Warwickshire ,,Herefordshire ,,Right-hand bat,Right-arm medium,September 24  1995  Birmingham  Warwickshire (aged 24 years 281 days) ,
Norman Martin Mischler,October 9  1920  Paddington  London ,,Cambridge University ,,Right-hand bat,,Wicketkeeper,
Misem Zaidi,June 24  1998 ,19 years 288 days,Cambridge MCCU,,Right-hand bat,Legbreak,,
Henry Misselbrook,December 16  1832  Otterbourne  Hampshire ,,Hampshire,,,,July 11  1895  Winchester  Hampshire (aged 62 years 207 days) ,
Edward Sebley Missen,February 2  1875  Cambridge ,,Essex,,,Right-arm medium,November 17  1927  Colchester  Essex (aged 52 years 288 days) ,
Amy Kishorkumar Mistry,July 16  1990  Portsmouth  Hampshire ,27 years 266 days,Essex Women ,,Right-hand bat,Right-arm medium,,
Mitchell,date unknown ,,Single,,,,,
Mitchell,date unknown ,,Surrey,,,,,
Arthur Mitchell,September 13  1902  Baildon Green  Yorkshire ,,England ,,Right-hand bat,,Ticker,
Clement Mitchell,February 20  1862  Cambridge ,,Kent,,Left-hand bat,,October 6  1937  Aldrington  Hove  Sussex (aged 75 years 228 days) ,
Colin Gerald Mitchell,January 27  1929  Brislington  Somerset ,,Somerset,,Right-hand bat,Right-arm fast-medium,September 13  2007  Brislington (aged 78 years 229 days) ,
David Alexander Mitchell,February 20  1980  Carshalton  Surrey ,38 years 47 days,Devon,,Left-hand bat,Right-arm medium-fast,,
Daryl Keith Henry Mitchell,November 25  1983  Badsey  nr Evesham ,34 years 134 days,Mountaineers ,,Right-hand bat,Right-arm medium,Prince Henry's Evesham; University College  Worcester.,
Ellie Mitchell,date unknown ,,Cornwall Women,,,,,
Frank Mitchell,August 13  1872  Market Weighton  Yorkshire ,,England ,,Right-hand bat,Right-arm medium,Wicketkeeper,
Frank Herbert Mitchell,June 13  1878  Eton  Buckinghamshire ,,Oxford University,,Right-hand bat,Right-arm slow (roundarm)  Right-arm slow (underarm),November 27  1951  Forest House  Crowborough Warren  Sussex (aged 73 years 167 days) ,
Frank Rollason Mitchell,June 3  1922  Goulburn  New South Wales  Australia ,,Warwickshire,,Right-hand bat,Right-arm medium  Right-arm offbreak,April 4  1984  Myton Hamlet  Warwickshire (aged 61 years 306 days) ,
George Frederick Mitchell,February 18  1897  Canning Town  Essex ,,Essex,,Left-hand bat,,details unknown ,
H Mitchell,date unknown ,,Hampshire,,,,,
Horace Mitchell,January 19  1858  West Tarring  Worthing  Sussex ,,Sussex,,Right-hand bat,Right-arm medium-fast,January 4  1951  West Tarring  Worthing  Sussex (aged 92 years 350 days) ,
Ian Norman Mitchell,April 17  1925  Henbury  Bristol  Gloucestershire ,,Cambridge University ,,Right-hand bat,,Harrow School; Cambridge University,
Jim Mitchell,July 13  1952  Norwich ,65 years 269 days,,,Right-hand bat,Slow left-arm orthodox,Umpire,
Jim Mitchell,date unknown ,,,,,,Umpire,
Kenneth James Mitchell,December 5  1924  Old Hill  Staffordshire ,93 years 124 days,Worcestershire,,Left-hand bat,,,
Liam Stephen Mitchell,September 11  1993 ,24 years 209 days,Hertfordshire ,,Right-hand bat,Right-arm offbreak,,
Peter Mitchell,date unknown ,,,,,,Umpire,
Richard Arthur Henry Mitchell,January 22  1843  Enderby Hall  Leicester ,,Oxford University,,Right-hand bat,Right-arm medium (roundarm),April 19  1905  Mayford House  Woking  Surrey (aged 62 years 87 days) ,
Thomas Bignall Mitchell,September 4  1902  Creswell  Derbyshire ,,England ,,Right-hand bat,Legbreak googly,January 27  1996  Hickleton  Doncaster  Yorkshire (aged 93 years 145 days) ,
Thomas Frank Mitchell,October 22  1907  Johannesburg  Transvaal  South Africa ,,Kent,,Right-hand bat,Right-arm offbreak,May 20  1960  St John's Wood  London (aged 52 years 211 days) ,
William Henry Mitchell,January 20  1859  Arundel  Sussex ,,Sussex,,,,November 16  1929  Southwater  Horsham  Sussex (aged 70 years 300 days) ,
William MacFarlane Mitchell,August 15  1929  Lewisham  London ,,Oxford University,,Right-hand bat,Legbreak googly,Dulwich College; Merton College  Oxford,
Norman Stewart Mitchell-Innes,September 7  1914  Calcutta (now Kolkata)  Bengal  India ,,England ,,Right-hand bat,,Sedbergh; Oxford University,
Sophie Mitchelmore,date unknown ,,Oxfordshire Women,,,,,
A Mitchison,date unknown ,,,,,,Umpire,
A Mitchison,date unknown ,,,,,,Umpire,
Mitford,date unknown ,,W Ward's XI,,,,,
Charles Mitford,May 31  1785 ,,Epsom,,,,October 30  1831  Brighton  Sussex (aged 46 years 152 days) ,
Avijit Mitra,July 6  1953  Bhawanipur  Bengal  India ,64 years 276 days,Oxford University,,Right-hand bat,Right-arm offbreak,,
John Mitten,March 30  1941  Davyhulme  Manchester  Lancashire ,77 years 9 days,Leicestershire,,Right-hand bat,,Wicketkeeper,
John Mitton,November 7  1895  Todmorden  Yorkshire ,,Somerset,,Right-hand bat,,August 5  1983  Burnham Market  Norfolk (aged 87 years 271 days) ,
Timothy Edward Mitzman,March 14  1980  Harrow  Middlesex ,38 years 25 days,Cambridgeshire ,,Right-hand bat,Right-arm medium,,
Matthew Giles Mixer,December 9  1972  North Walsham  Norfolk ,45 years 120 days,Dorset,,Left-hand bat,Left-arm medium-fast,,
MA Mniszko,date unknown ,,Cambridgeshire,,,,,
Henry Edward Moberly,December 11  1822  Madras (now Chennai)  India ,,Oxford University,,,,September 22  1907  Winchester  Hampshire (aged 84 years 285 days) ,
John Cornelius Moberly,April 22  1848  Winchester  Hampshire ,,Hampshire,,Right-hand bat,Right-arm medium,January 29  1928  Bassett  Southampton  Hampshire (aged 79 years 282 days) ,
William Octavius Moberly,November 14  1850  Shoreham-by-Sea  Sussex ,,Gloucestershire ,,Right-hand bat,,Wicketkeeper,
Gerald Spencer Mobey,March 5  1904  Surbiton  Surrey ,,Surrey,,Right-hand bat,,Wicketkeeper,
John Edward Abraham Mocatta,May 6  1936  St John's Wood  London ,81 years 337 days,Oxford University,,Right-hand bat,Legbreak,,
Bhargav Ramesh Modha,October 20  1985  Jamnagar  Gujarat  India ,32 years 170 days,Cambridge MCCU ,,Right-hand bat,Legbreak,Oakham School; Anglia Polytechnic,
David Moeller,March 2  1941  Marshfield  Monmouthshire ,,Oxford University,,Right-hand bat,,November 18  2004  Oxford (aged 63 years 261 days) ,
CE Moffat,date unknown ,,Cumberland,,,,,
Douglas Moffat,July 31  1843  Cawnpore (now Kanpur)  Uttar Pradesh  India ,,Middlesex,,Right-hand bat,,Son - ,
Gavin Richard Moffat,September 7  1972  Morecambe  Lancashire ,45 years 213 days,Cambridge University,,Right-hand bat,Right-arm medium,,
John Stuart David Moffat,August 18  1977  Edinburgh  Midlothian  Scotland ,40 years 233 days,Cambridge University,,Right-hand bat,,,
Norman John Douglas Moffat,September 13  1883  Edenhall  Roxburghshire  Scotland ,,Middlesex,,Right-hand bat,,Father - ,
Philip John Moffat,May 29  1975  Lancaster  Lancashire ,42 years 314 days,Cambridge University,,Right-hand bat,Right-arm medium,,
Scott Park Moffat,February 1  1973  Germiston  Transvaal  South Africa ,45 years 66 days,Middlesex,,Right-hand bat,Right-arm offbreak,,
Callum Evan Moffatt,July 16  1988  Whitehaven ,29 years 266 days,Cumberland,,Right-hand bat,,Wicketkeeper,
Neil Thomas Moffatt,May 10  1946  Headington  Oxfordshire ,71 years 333 days,Cambridge University,,Left-hand bat,,,
Imraan Mohammad,December 31  1976  Solihull  Warwickshire ,41 years 98 days,Cambridge University ,,Right-hand bat,Right-arm offbreak,,
Mohammad Abid,October 28  1993 ,24 years 162 days,England Under-19s ,,Right-hand bat,Legbreak,,
Syed Mohammad Ali,November 8  1973  Bahawalpur  Punjab ,44 years 151 days,Agriculture Development Bank of Pakistan ,,Right-hand bat,Left-arm fast-medium,Uncle - ,
Mohammad Amin,October 19  1984  Gujranwala  Punjab ,33 years 171 days,Cambridge MCCU ,,Right-hand bat,Right-arm medium-fast,,
Mohammad Ishtiaq,December 14  1983  Birmingham ,34 years 115 days,Derbyshire Cricket Board ,,Right-hand bat,Right-arm fast-medium,,
M Mohammed,date unknown ,,Buckinghamshire,,,,,
Nadeem Mohammed,September 5  1968  Peterborough ,49 years 215 days,Cambridgeshire ,,Right-hand bat,Right-arm medium,,
Nazir Mohammed,August 10  1981  Pakistan ,36 years 241 days,Cumberland,,Right-hand bat,Right-arm medium,,
Saleem Mohammed,September 5  1968  Peterborough ,49 years 215 days,Cambridgeshire,,Right-hand bat,,,
Waseem Mohammed,date unknown ,,,,,,Umpire,
Mohammed Ahmed,date unknown ,,Warwickshire 2nd XI,,,,,
Mohammed Pardesi,June 1  1990  Karachi  Punjab  Pakistan ,27 years 311 days,Herefordshire,,Right-hand bat,Legbreak,Judge Meadow Comm.College; City of Leicester 6th Form College; De Montfort University  Leics,
Keith Frederick Mohan,June 11  1935  Glossop  Derbyshire ,82 years 301 days,Derbyshire,,Right-hand bat,Legbreak googly,,
Arthur Webb Mold,May 27  1863  Middleton Cheney  Northamptonshire ,,England ,,Right-hand bat,Right-arm fast,April 29  1921  Middleton Cheney  Northamptonshire (aged 57 years 337 days) ,
Christopher Matti Mole,February 20  1978  Cuckfield  Sussex ,40 years 47 days,Devon ,,Left-hand bat,,Wicketkeeper,
Andrew James Moles,February 12  1961  Solihull  Warwickshire ,57 years 55 days,Griqualand West ,,Right-hand bat,Right-arm medium,Finham Park Comprehensive; Henley College of Further Education; Butts College of Further Education,
Charles Harry Moline,June 1863  Laibach  Austria (now Ljubljana  Yugoslavia) ,,Cambridge University,,Right-hand bat,Right-arm slow,May 23  1927  Weston-super-Mare  Somerset (aged 63 years) ,
Edgar Robert Moline,January 2  1855  Laibach  Austria (now Ljubljana  Yugoslavia) ,,Gloucestershire,,Right-hand bat,Right-arm medium  Right-arm slow (underarm),December 16  1943  Lynton  Devon (aged 88 years 348 days) ,
George King Molineux,April 15  1887  Meads  Eastbourne  Sussex ,,Oxford University,,Right-hand bat,(unknown arm) slow,May 5  1915  near Frenzenberg  Belgium (aged 28 years 20 days) ,
Molly White,date unknown ,,Dorset Women,,,,,
Trevor James Molony,July 6  1897  Kensington  London ,,Surrey,,Right-hand bat,Right-arm slow (underarm),Repton; Cambridge University,
Paul Seymour Morthier Molyneux,January 12  1906  Wells  Somerset ,,Somerset,,Right-hand bat,Right-arm offbreak,March 13  1980  Hove  Sussex (aged 74 years 61 days) ,
Alice Zoe Monaghan,date unknown ,,Hampshire Women,,,,,
Walter Turner Monckton,January 17  1891  Ightham Warren  Plaxtol  Kent ,,Combined Universities,,,,Administrator,
William Moncrieff,January 19  1825  Queensland  Australia ,,Marylebone Cricket Club,,,,January 5  1908 (aged 82 years 351 days) ,
Thomas Moncrieffe,January 9  1822  Moncrieffe House  Scotland ,,Marylebone Cricket Club,,,,August 16  1879  Moncrieffe House  Scotland (aged 57 years 219 days) ,
Alex Money,date unknown ,,Cheshire ,,,,,
David Charles Money,October 5  1918  Oxford ,,Oxford University,,Right-hand bat,,Wicketkeeper,
Walter Baptist Money,July 27  1848  Sternfield  Suffolk ,,Cambridge University ,,Right-hand bat,,March 1  1924  Edgbaston  Birmingham  Warwickshire (aged 75 years 218 days) ,
Monk,date unknown ,,Berkshire,,,,,
Graham Monkhouse,April 26  1954  Langwathby  Carlisle  Cumberland ,63 years 347 days,Cumberland ,,Right-hand bat,Right-arm medium,,
Jamie Edward Monkhouse,May 31  1996  Farnborough ,21 years 312 days,Durham MCCU,,Right-hand bat,Right-arm medium,Tonbridge School,
Steven Monkhouse,November 24  1962  Bury  Lancashire ,55 years 135 days,Glamorgan ,,Right-hand bat,Left-arm fast-medium,,
Francis George Monkland,October 8  1854  Trichinopoly  Madras  India ,,Gloucestershire,,Right-hand bat,Right-arm slow (underarm),Repton School,
Clifford Ivon Monks,March 4  1912  Keynsham  Somerset ,,Gloucestershire,,Right-hand bat,Right-arm medium,January 23  1974  Coalpit Heath  Bristol (aged 61 years 325 days) ,
George Derek Monks,September 3  1929  Sheffield  Yorkshire ,88 years 217 days,Yorkshire,,Right-hand bat,,Wicketkeeper,
Robert Webber Monro,March 28  1838  Bloomsbury  London ,,Oxford University,,,,June 10  1908  Coombe Wood  Surrey (aged 70 years 74 days) ,
George Henry Monson,October 17  1755 ,,Hampshire XI ,,,,Wicketkeeper,
Spencer Dudley Montagu,1807  Marylebone  London ,,Marylebone Cricket Club,,,,March 31  1882  Hare Hatch  Twyford  Berkshire (aged 75 years) ,
Victor Alexander Montagu,April 20  1841  Westminster  London ,,Marylebone Cricket Club,,,,Father - ,
Caitlin Monteith,February 25  2000 ,18 years 42 days,Northamptonshire Women,,,,,
GJ Montgomerie,date unknown  India ,,Lancashire 2nd XI,,,,,
Robert David Montgomerie,September 26  1937  Watford  Hertfordshire ,80 years 194 days,Free Foresters ,,Right-hand bat,Legbreak,,
Richard Robert Montgomerie,July 3  1971  Rugby  Warwickshire ,46 years 279 days,Northamptonshire ,,Right-hand bat,Right-arm offbreak,Rugby School; Worcester College  Oxford University,
Gary Stephen Montgomery,October 8  1982  Leamington Spa  Warwickshire ,35 years 182 days,Lancashire ,,,,,
Hugh Ferguson Montgomery,May 6  1880  Umbala  Bengal  India ,,Somerset,,Right-hand bat,,December 10  1920  Bray  Co Dublin  Ireland (aged 40 years 218 days) ,
Henry Hutchinson Montgomery,October 3  1847  Cawnpore (now Kanpur)  Uttar Pradesh  India ,,Cambridge University,,Right-hand bat,,November 25  1932  Old Park  Moville  Co Donegal  Ireland (aged 85 years 53 days) ,
Meghan Montgomery,October 22  1993  Penrith  Cumberland ,24 years 168 days,Cumbria Women,,,,,
Robbie Jay Montgomery,September 22  1994  Taunton  Somerset ,23 years 198 days,Gloucestershire ,,Right-hand bat,Right-arm fast-medium,,
Stanley William Montgomery,July 7  1920  West Ham  Essex ,,Glamorgan,,Right-hand bat,,January 5  2000  Cardiff  Glamorgan  Wales (aged 79 years 182 days) ,
William Montgomery,March 4  1878  Staines  Middlesex ,,Somerset ,,Right-hand bat,Right-arm fast,November 14  1952  Peterborough  Northamptonshire (aged 74 years 255 days) ,
Welby Francis Montresor,October 3  1849  Krishnagar  India ,,Marylebone Cricket Club,,,,January 27  1909  Kensington  London (aged 59 years 116 days) ,
Robert Phillips Dearden Monypenny,May 9  1836 ,,Marylebone Cricket Club,,,,May 4  1890  St Leonards-On-Sea  Sussex (aged 53 years 360 days) ,
Moody,date unknown ,,Sussex,,,,,
Harry Moody,April 14  1832  Chartham  Kent ,,Gentlemen of Kent,,,,March 30  1921  Bovey Tracey  Devon (aged 88 years 350 days) ,
Nick Moody,date unknown ,,Lashings World XI,,,,,
Cecil Ernest Moon,September 2  1867  Cassio Bridge  Hertfordshire ,,London County,,,,February 22  1951  Buxton  Derbyshire (aged 83 years 173 days) ,
Leonard James Moon,February 9  1878  Kensington  London ,,England ,,Right-hand bat,,Brother - ,
William Robert Moon,June 7  1868  Maida Vale  London ,,Middlesex,,Right-hand bat,,Brother - ,
David Child Moor,December 18  1934  Faversham  Kent ,83 years 111 days,Oxford University,,Left-hand bat,,,
H Moor,date unknown ,,Wiltshire Women,,,,,
Bethan Caitlin Moorcraft,January 15  1994  Taunton  Somerset ,24 years 83 days,Gloucestershire Women,,Right-hand bat,,,
William Moorcroft,date unknown ,,Hampshire,,,,,
Charlotte Moore,date unknown ,,Lincolnshire Women,,,,,
Denis Neville Moore,September 26  1910  Stanton House  Tewkesbury  Gloucestershire ,,Gloucestershire ,,Right-hand bat,Right-arm offbreak,October 2  2003  Croydon  Surrey (aged 93 years 6 days) ,
David Philip Moore,September 14  1977  Hexham  Northumberland ,40 years 206 days,Hertfordshire ,,Right-hand bat,Right-arm medium,,
Francis Moore,July 18  1827  Nottingham ,,Nottinghamshire,,,,January 14  1900  Nottingham (aged 72 years 180 days) ,
Frederick Moore,January 17  1931  Rochdale  Lancashire ,,Lancashire,,Right-hand bat,Right-arm medium,Freddie Moore,
Frederic James Stevenson Moore,February 26  1873  Leominster  Herefordshire ,,Cambridge University,,Right-hand bat,Slow left-arm orthodox,March 1  1947  Sherborne  Dorset (aged 74 years 3 days) ,
Hattie Moore,date unknown ,,Buckinghamshire Women,,,,,
Harry Ian Moore,February 28  1941  Sleaford  Lincolnshire ,,Lincolnshire ,,Right-hand bat,Right-arm medium,February 16  2010 (aged 68 years 353 days) ,
John David Moore,May 19  1943  Newcastle-under-Lyme  Staffordshire ,74 years 324 days,Minor Counties ,,Right-hand bat,,,
John William Spearink Moore,April 29  1891  Winchfield  Hartley Wintney  Hampshire ,,Hampshire,,Right-hand bat,Right-arm medium,June 23  1980  Basingstoke  Hampshire (aged 89 years 55 days) ,
Kenneth Francis Moore,January 4  1940  Croydon  Surrey ,,Essex,,Right-hand bat,Left-arm medium-fast,March 23  1998  Majorca (aged 58 years 78 days) ,
Kevin Peter Moore,October 20  1955  Stoke-on-Trent  Staffordshire ,62 years 170 days,England Young Cricketers,,,,Wicketkeeper,
Nigel Harold Moore,April 20  1930  Norwich  Norfolk ,,Cambridge University,,Right-hand bat,Right-arm fast-medium,December 24  2003  Norwich  Norfolk (aged 73 years 248 days) ,
R Moore,date unknown ,,Oxford University,,,,1857 ,
R Moore,date unknown ,,Northamptonshire 2nd XI,,Right-hand bat,Right-arm medium-fast,,
Richard Andrew Leigh Moore,May 11  1989  Crewe ,28 years 332 days,Cheshire ,,Right-hand bat,Right-arm medium-fast,,
Richard Henry Moore,November 14  1913  Charminster  Dorset ,,Hampshire,,Right-hand bat,Right-arm medium,March 1  2002  Llanrhos  Denbighshire  Wales (aged 88 years 107 days) ,
Simon Moore,June 19  1973  Harlow  Essex ,44 years 293 days,Essex Cricket Board,,Right-hand bat,Right-arm fast-medium,,
Stuart Alan Moore,February 21  1977  Oldham  Lancashire ,41 years 46 days,Derbyshire,,Right-hand bat,Right-arm medium,,
Stephen Colin Moore,November 4  1980  Johannesburg  Transvaal  South Africa ,37 years 155 days,England Lions ,,Right-hand bat,Right-arm medium,St Stithians College  South Africa  Exeter University,
Stanley Howard Moore,1905 ,,,,,,Umpire,
Samantha Louise Moore,February 12  1993  Pretoria  South Africa ,25 years 55 days,Oxford University Women,,Right-hand bat,Right-arm medium-fast,,
Sean Michael Moore,May 16  1988  Fazakerley  Liverpool  Lancashire ,29 years 327 days,Cardiff MCCU ,,Right-hand bat,Right-arm medium-fast,Rainhill High School; University of Glamorgan,
Simon Oliver Moore,June 15  1974  Oldham  Lancashire ,43 years 297 days,Derbyshire Cricket Board,,Right-hand bat,Right-arm medium,,
T Moore,date unknown ,,Kent 2nd XI,,,,,
Thomas Cambridge Moore,March 29  1992  Basildon  Essex ,26 years 10 days,Essex ,,,,Umpire,
Tracey Ian Moore,December 16  1941  Ingham  Suffolk ,76 years 113 days,Minor Counties ,,Right-hand bat,Right-arm fast-medium,,
William Frederic Powell Moore,March 23  1846  Westminster  London ,,Marylebone Cricket Club,,,,Wicketkeeper,
Howell Gwyn Moore-Gwyn,July 7  1886  Dyffryn Clydach  Neath  Glamorgan  Wales ,,Army ,,Right-hand bat,,changed name from Howell Gwyn Moore,
James Robert Moorhouse,May 25  1988  Sheffield  Yorkshire ,29 years 318 days,Leeds-Bradford UCCE,,Left-hand bat,Right-arm fast-medium,,
Peter Moores,December 18  1962  Macclesfield  Cheshire ,55 years 111 days,Orange Free State ,,Right-hand bat,,Brother - ,
Richard David Moores,July 8  1979  Wolverhampton ,38 years 274 days,Norfolk,,Right-hand bat,Right-arm fast-medium,,
Stephen Moores,September 3  1961  Macclesfield  Cheshire ,56 years 217 days,Cheshire,,Right-hand bat,Right-arm offbreak,Brother - ,
Thomas James Moores,September 4  1996  Brighton  Sussex ,21 years 216 days,England Under-19s ,,Left-hand bat,,Father - ,
Edward Moorhouse,April 11  1851  Shaw Clough  Haslingden  Lancashire ,,Lancashire,,,,Wicketkeeper,
Fred Moorhouse,March 25  1880  Berry Brow  Huddersfield  Yorkshire ,,Warwickshire,,Right-hand bat,Right-arm medium,April 7  1933  Dudley  Worcestershire (aged 53 years 13 days) ,
Harry Claude Moorhouse,January 30  1872  Bandora  Bombay (now Mumbai)  Maharashtra  India ,,Marylebone Cricket Club,,,,December 16  1934  Newbury  Berkshire (aged 62 years 320 days) ,
Robert Moorhouse,September 7  1866  Berry Brow  Huddersfield  Yorkshire ,,Yorkshire,,Right-hand bat,Right-arm medium,January 7  1921  Taylor Hill  Huddersfield  Yorkshire (aged 54 years 122 days) ,
Lewis Henry Moorsom,1835  London ,,Lancashire ,,,,March 10  1914  Moordown  Bournemouth  Hampshire (aged 79 years) ,
Marie Moralee,date unknown ,,England Women,,,,,
Michael Peter Moran,July 29  1951  Bridgwater  Somerset ,66 years 253 days,,,,,Umpire,
Edward Gregory Morant,1772 ,,R Leigh's XI,,,,Son - ,
Edward John Harry Eden Morant,January 29  1868  Westminster  London ,,Marylebone Cricket Club,,,,January 20  1910  Brockenhurst Park  Hampshire (aged 41 years 356 days) ,
Alfred Farr Morcom,February 16  1885  Dunstable  Bedfordshire ,,Cambridge University,,Right-hand bat,Right-arm fast-medium,Repton; Cambridge University,
David John Mordaunt,August 24  1937  Chelsea  London ,80 years 227 days,Berkshire ,,Right-hand bat,Right-arm medium-fast,Great-grandfather - ,
Eustace Charles Mordaunt,September 6  1870  Staple Hill  Wellesbourne Hastings  Warwickshire ,,Kent ,,Right-hand bat,Right-arm fast,Father - ,
Gerald John Mordaunt,January 20  1873  Staple Hill  Wellesbourne Hastings  Warwickshire ,,Kent ,,Right-hand bat,Right-arm slow (underarm)  Slow left-arm orthodox (underarm),Father - ,
Henry John Mordaunt,July 12  1867  Westminster  London ,,Cambridge University ,,Right-hand bat,Right-arm fast,Father - ,
John Murray Mordaunt,December 30  1837  Stratford-on-Avon  Warwickshire ,,Marylebone Cricket Club,,,,Brother - ,
Osbert Mordaunt,December 4  1842  Walton Hall  Warwickshire ,,Marylebone Cricket Club,,Right-hand bat,Right-arm bowler (underarm)  Left-arm bowler (underarm),Father-in-law - ,
Osbert Cautley Mordaunt,May 26  1876  Flax Bourton  Somerset ,,Somerset,,Right-hand bat,Right-arm slow,October 20  1949  Bells Yew Green  Sussex (aged 73 years 147 days) ,
Bjorn Haaken David Mordt,June 29  1978  Mutare  Zimbabwe ,39 years 283 days,Berkshire ,,Right-hand bat,Right-arm medium,,
Harriet More,date unknown ,,Wiltshire Women,,,,,
Richard Edwardes More,January 3  1879  Linley Hall  Bishop's Castle  Shropshire ,,Marylebone Cricket Club ,,Right-hand bat,Right-arm medium,Brother - ,
Thomas Jasper Mytton More,November 4  1872  Linley Hall  Bishop's Castle  Shropshire ,,Marylebone Cricket Club,,,,Brother - ,
Percival Ernest Morfee,May 2  1886  Ashford  Kent ,,Kent,,Right-hand bat,Right-arm fast,February 12  1945  Darlington  Co Durham (aged 58 years 286 days) ,
Morgan,date unknown ,,C Lennox's XI,,,,,
Morgan,date unknown ,,Nottinghamshire and Leicestershire,,,,,
Frederick David Morgan,October 6  1937 ,80 years 184 days,,,,,Administrator,
Alexander David Morgan,November 22  1993  High Wycombe ,24 years 137 days,Buckinghamshire ,,Right-hand bat,,,
Andrew Howard Morgan,November 30  1945  Ore  Hastings  Sussex ,72 years 129 days,Oxford University,,Left-hand bat,,Wicketkeeper,
Anwen Hannah R Morgan,January 22  1998  Carmarthen  Wales ,20 years 76 days,Wales Women,,,,,
Aubrey Niel Morgan,January 30  1904  Cyncoed  Llandaff  Glamorgan  Wales ,,Glamorgan ,,Right-hand bat,Right-arm medium-fast,September 14  1985  Ridgfield  Washington  United States of America (aged 81 years 227 days) ,
Barney Elliott Ivor Morgan,August 5  1998  Hereford ,19 years 246 days,Herefordshire,,Right-hand bat,Right-arm fast-medium,,
Bertie Francis Morgan,December 6  1885  Finsbury Park  Middlesex ,,Somerset ,,Right-hand bat,Left-arm bowler,February 25  1959  Billingham  Co Durham (aged 73 years 81 days) ,
Beth Louisa Morgan,September 27  1981  Harrow  Middlesex ,36 years 193 days,England Under-23 Women ,,Right-hand bat,Right-arm medium-fast,Uncle - ,
Benjamin Madoc Morgan,July 14  1977  Abergavenny  Monmouthshire ,40 years 268 days,Wales Minor Counties,,Right-hand bat,Right-arm fast-medium,,
Charles Morgan,February 7  1917  Clay Cross  Derbyshire ,,Nottinghamshire,,Right-hand bat,Right-arm offbreak,July 11  2001  North Carolina  United States of America (aged 84 years 154 days) ,
Charles Morgan,January 29  1839  Greenwich  London ,,Surrey,,Right-hand bat,Left-arm fast (roundarm),July 17  1904  Clapham  London (aged 65 years 170 days) ,
Charlie Felix Derrington Morgan,July 9  1989  Leicester ,28 years 273 days,Durham MCCU ,,Right-hand bat,,Wicketkeeper,
Christopher George Wakefield Morgan,October 28  1989  Portsmouth  Hampshire ,28 years 162 days,Dorset ,,Right-hand bat,Slow left-arm orthodox,,
Derek Clifton Morgan,February 26  1929  Muswell Hill  Middlesex ,89 years 41 days,Derbyshire,,Right-hand bat,Right-arm fast-medium,,
Donald Lindsay Morgan,November 5  1888  Tientsin  China ,,Gloucestershire,,,,January 22  1969  Pasadena  California  United States of America (aged 80 years 78 days) ,
Eoin Joseph Gerard Morgan,September 10  1986  Dublin ,31 years 210 days,England ,Middle-order batsman,Left-hand bat,Right-arm medium,Catholic University School,
Edward Noel Morgan,December 22  1905  Garnant  Carmarthenshire  Wales ,,Glamorgan,,Right-hand bat,,August 27  1975  Cardiff  Glamorgan  Wales (aged 69 years 248 days) ,
Gordon Morgan,August 31  1959  Uganda ,58 years 220 days,Suffolk,,Right-hand bat,Right-arm medium,,
Grace Angela Morgan,May 5  1909  Richmond-upon-Thames  Surrey ,,England Women ,,,,Administrator,
H Morgan,date unknown ,,Cambridge Town XI,,,,,
Hannah Morgan,June 15  1995 ,22 years 297 days,Wiltshire Women,,,,,
Haydn John Morgan,July 5  1973  Torquay  Devon ,44 years 277 days,Central Districts ,,Right-hand bat,Right-arm offbreak,,
Howard William Morgan,June 29  1931  Maesteg  Glamorgan  Wales ,86 years 283 days,Glamorgan,,Right-hand bat,Right-arm offbreak,,
Jessica Morgan,date unknown ,,Leicestershire Women,,,,,
James Hugh Morgan,December 1  1989  Nottingham ,28 years 128 days,Spain ,,Left-hand bat,,Wicketkeeper,
Josh L Morgan,date unknown ,,Derbyshire 2nd XI,,,,,
John Richard Morgan,March 16  1977  Hastings  Sussex ,41 years 23 days,Sussex Cricket Board,,Right-hand bat,Right-arm medium-fast,,
John Trevil Morgan,May 7  1907  Cyncoed  Llandaff  Glamorgan  Wales ,,Cambridge University ,,Left-hand bat,Right-arm medium,Wicketkeeper,
Leon Neil Morgan,February 14  1979  Willesborough  Ashford  Kent ,39 years 53 days,Kent Cricket Board,,Right-hand bat,,,
Michael Morgan,September 30  1952  Edinburgh  Midlothian  Scotland ,65 years 190 days,Bedfordshire,,Right-hand bat,Right-arm offbreak,,
Michael Morgan,May 21  1936  Ynyshir  Glamorgan  Wales ,81 years 322 days,Nottinghamshire,,Right-hand bat,Right-arm offbreak,,
Mark Jonathan Morgan,May 24  1980  Ascot  Berkshire ,37 years 319 days,Buckinghamshire,,Right-hand bat,Legbreak,,
Michael Naunton Morgan,May 15  1932  Marylebone  London ,85 years 328 days,Cambridge University,,Right-hand bat,Right-arm fast-medium,,
Michael Peter Morgan,July 29  1951  Bridgwater  Somerset ,66 years 253 days,,,,,Umpire,
Alan Owen Morgan,April 14  1994  Swansea ,23 years 359 days,Cardiff MCCU ,,Right-hand bat,Slow left-arm orthodox,,
O Morgan,date unknown ,,Glamorgan,,,,,
Peter Gregory Morgan,September 29  1972  Johannesburg  Transvaal  South Africa ,45 years 191 days,Oxford University,,Right-hand bat,Right-arm medium-fast,,
Peter Nicholas George Morgan,December 29  1986  Pembury  Kent ,31 years 100 days,Lincolnshire ,,Right-hand bat,,Uplands Community College  Wadhurst  Sussex and The Kings School  Grantham  Lincs,
Philip Richard Llewelyn Morgan,March 11  1927  Derby ,91 years 28 days,Oxford University,,Right-hand bat,Legbreak,,
Stephen Patrick Morgan,March 27  1993  Crewe ,25 years 12 days,Staffordshire,,Left-hand bat,Slow left-arm orthodox,,
Tom Rees Morgan,April 11  1893  Porth  Glamorgan  Wales ,,Glamorgan,,Right-hand bat,Right-arm offbreak,registered at death as Thomas Rhys Morgan,
William Morgan,1862  Nantgarw  Glamorgan  Wales ,,West of England,,,,October 22  1914  Porthleven  Cornwall (aged 52 years) ,
Wyn Morgan,August 9  1949  Lydney  Gloucestershire ,68 years 242 days,,,,,Umpire,
William Arthur Morgan,November 26  1864  Everton  Liverpool  Lancashire ,,Liverpool and District,,,,April 3  1934  Cosham  Hampshire (aged 69 years 128 days) ,
William Guy Morgan,December 26  1907  Garnant  Carmarthenshire  Wales ,,Cambridge University ,,Right-hand bat,Right-arm medium,changed name to William Guy Stewart-Morgan  by marriage  in May 1941,
William Percival Morgan,January 1  1905  Abercrave  Brecon  Wales ,,Glamorgan,,Right-hand bat,Right-arm medium,March 3  1983  Neath  Glamorgan  Wales (aged 78 years 61 days) ,
Frederick Morley,December 16  1850  Sutton-in-Ashfield  Nottinghamshire ,,England ,,Left-hand bat,Left-arm fast,birth registered as Frederic Morley,
George Morley,December 14  1826  St Pancras  London ,,Cambridge and Oxford Universities,,,,details unknown ,
Henry Morley,date unknown ,,Nottinghamshire,,,Right-arm fast,August 16  1924  Edwinstowe  Nottinghamshire ,
Henry Morley,March 2  1785  Amberley  Sussex ,,Sussex,,Right-hand bat,,December 6  1857  Brighton  Sussex (aged 72 years 279 days) ,
Jeremy Dennis Morley,October 20  1950  Newmarket  Suffolk ,67 years 170 days,Sussex,,Left-hand bat,Right-arm medium,,
James Henry Morley,December 20  1835  The Lodge  Herne Hill  London ,,Middlesex,,,,Merchant Taylors',
John Wiby Morley,July 30  1838  Raithby  Lincolnshire ,,Oxford University,,,,April 24  1864  Mackenzie River  Queensland  Australia (aged 25 years 269 days) ,
Kathy Morley,date unknown ,,Middlesex Women,,,,,
Katherine Frances Morley,June 10  1999  Cambridge ,18 years 302 days,Hertfordshire Women,,,,,
Max Gary Morley,January 24  1993  Huddersfield  Yorkshire ,25 years 74 days,Durham ,,Left-hand bat,Slow left-arm orthodox,Holmfirth High School; New College  Huddersfield,
Thomas Morley,March 10  1863  Sutton-in-Ashfield  Nottinghamshire ,,Nottinghamshire,,Right-hand bat,Right-arm fast,October 28  1919  Thorpe St Andrew  Norwich  Norfolk (aged 56 years 232 days) ,
Trevor Grahame Anthony Morley,August 11  1933  Hitchin  Hertfordshire ,,Bedfordshire,,Right-hand bat,Right-arm medium,March 1  2013  March  Cambridgeshire (aged 79 years 202 days) ,
Pierce Christian B Morley-Barnes,July 1990  Nottingham ,27 years,Lincolnshire ,,,,,
Robert Harry Mornement,August 15  1873  Roudham Hall  Norfolk ,,Hampshire,,Right-hand bat,Right-arm medium,April 16  1948  Chatham  Kent (aged 74 years 245 days) ,
Simon James Morrall,February 25  1978  Bedford ,40 years 42 days,Bedfordshire,,Left-hand bat,Slow left-arm orthodox,,
David Mark Morrell,October 8  1971  Newport  Monmouthshire ,46 years 182 days,Norfolk,,Right-hand bat,,Wicketkeeper,
Elliott James Morres,April 10  1831  Reading  Berkshire ,,Oxford University,,,,November 5  1895  Bath  Somerset (aged 64 years 209 days) ,
Hugh Frederick Michael Morres,July 8  1876  Wokingham  Berkshire ,,Oxford University,,Right-hand bat,Right-arm fast-medium,January 28  1934  Swanage  Dorset (aged 57 years 204 days) ,
Wesley Morrick,April 2  1981  Durban  Natal ,37 years 6 days,Gloucestershire 2nd XI ,,Left-hand bat,Right-arm medium-fast,,
W Morrick,date unknown ,,,,,,,
Nicholas David Morrill,December 9  1957  Ryde  Isle of Wight ,60 years 120 days,Oxford University,,Right-hand bat,Right-arm offbreak,,
Alan Morris,August 23  1953  Staveley  Derbyshire ,64 years 228 days,Derbyshire ,,Right-hand bat,Legbreak,,
Alfred Morris,September 11  1876  West Hartlepool  Co Durham ,,Minor Counties,,,Right-arm medium,March 29  1961  Lancaster Moor  Lancashire (aged 84 years 199 days) ,
Alexander Corfield Morris,October 4  1976  Barnsley  Yorkshire ,41 years 186 days,Hampshire ,,Left-hand bat,Right-arm medium,,
Aiden Joseph Morris,April 25  1993  Nottingham ,24 years 348 days,Leicestershire 2nd XI ,,Right-hand bat,Right-arm medium-fast,Loughborough Grammar School; Loughborough University,
Brian Morris,date unknown ,,,,,,Umpire,
Charles Morris,May 26  1996 ,21 years 317 days,Shropshire,,Left-hand bat,Slow left-arm orthodox,,
Charles Antony Morris,May 9  1939  Newnham  Cambridge ,,Cambridge University,,Left-hand bat,Legbreak googly,November 17  1990  Wilmslow  Cheshire (aged 51 years 192 days) ,
Charles Andrew John Morris,July 6  1992  Hereford ,25 years 276 days,Devon ,,Right-hand bat,Right-arm medium-fast,King's Taunton School,
CH Morris,date unknown ,,Sussex 2nd XI,,,,,
Charles Richard Morris,August 26  1880  Nottingham ,,Nottinghamshire,,Right-hand bat,,August 10  1947  Hampstead  London (aged 66 years 349 days) ,
Dickon Henry Morris,January 9  1987  Kendall ,31 years 89 days,Oxfordshire,,Right-hand bat,Right-arm offbreak,,
Edward Silvester Morris,April 6  1849  Bedminster  Somerset ,,Gloucestershire,,,,November 14  1928  Rochdale  Lancashire (aged 79 years 222 days) ,
Fritha Morris,date unknown ,,Berkshire Women,,,,,
Fritha Mary Kie Morris,January 31  1994  Reading  Berkshire ,24 years 67 days,Berkshire Women ,,Right-hand bat,Right-arm offbreak,,
Gareth David Morris,January 11  1980  Stoke ,38 years 87 days,Staffordshire,,Right-hand bat,Slow left-arm orthodox,,
Graeme Reginald Morris,February 5  1963  Newcastle upon Tyne  Northumberland ,55 years 62 days,Northumberland,,Left-hand bat,,,
Hugh Morris,October 5  1963  Canton  Cardiff  Glamorgan  Wales ,54 years 185 days,England ,,Left-hand bat,Right-arm medium,Blundell's School; South Glamorgan Institute,
Huson Morris,May 22  1848  Kensington  London ,,Marylebone Cricket Club,,Right-hand bat,Right-arm fast-medium (roundarm),February 14  1924  St Jean de Luz  France (aged 75 years 268 days) ,
Harold Marsh Morris,April 16  1898  Wanstead  Essex ,,Cambridge University ,,Right-hand bat,Right-arm medium,Repton,
Ian Morris,June 27  1946  Maesteg  Glamorgan  Wales ,71 years 285 days,Glamorgan,,Right-hand bat,Slow left-arm orthodox,,
John Morris,date unknown ,,,,,,Umpire,
JB Morris,date unknown ,,,,,,Umpire,
James Calum Morris,January 17  1985  Welwyn Garden City  Hertfordshire ,33 years 81 days,Berkshire ,,Right-hand bat,Legbreak,Brother - ,
John Edward Morris,April 1  1964  Crewe  Cheshire ,54 years 7 days,England ,,Right-hand bat,Right-arm medium,,
John Frederick Morris,October 14  1880  Ampthill  Bedfordshire ,,Cambridge University,,Right-hand bat,Right-arm slow,March 23  1960  Earlham  Norfolk (aged 79 years 161 days) ,
James George Morris,February 4  1967  Nottingham ,51 years 63 days,Oxford University,,Right-hand bat,,,
Leonard John Morris,September 26  1898  Aston  Birmingham  Warwickshire ,,Warwickshire,,Left-hand bat,Right-arm medium,March 9  1984  Dorridge  Warwickshire (aged 85 years 165 days) ,
Michael John Morris,March 8  1969  Melbourne  Victoria  Australia ,49 years 31 days,Cambridge University,,Right-hand bat,,,
Norman Morris,1849  Peckham  London ,,Kent ,,Right-hand bat,,Wicketkeeper,
P Morris,date unknown ,,Sussex,,,,,
Philip Edward Morris,November 26  1877  Kennington  London ,,Essex,,,Legbreak,July 6  1945  Hove  Sussex (aged 67 years 222 days) ,
P J Morris,date unknown ,,Worcestershire,,Right-hand bat,,,
Raymond Morris,June 20  1929  Hartlebury  Worcestershire ,88 years 292 days,Worcestershire,,Right-hand bat,,Wicketkeeper,
Russell Edward Morris,June 8  1967  St Asaph  Flintshire  Wales ,50 years 304 days,Oxford University,,Right-hand bat,Right-arm medium,,
Robert John Morris,November 27  1926  Penllergaer  Swansea  Glamorgan  Wales ,,Cambridge University ,,Right-hand bat,Right-arm offbreak,Father - ,
Richard Kyle Morris,September 26  1987  Newbury  Berkshire ,30 years 194 days,Hampshire ,,Right-hand bat,Right-arm fast-medium,Brother - ,
RL Morris,date unknown ,,Hampshire 2nd XI,,,,,
Robert Sean Millner Morris,September 10  1968  Great Horwood  Buckinghamshire ,49 years 210 days,Hampshire,,Right-hand bat,Right-arm offbreak,Stowe; Durham University,
Sion Elgan Morris,September 6  1977  St Asaph  Flintshire  Wales ,40 years 214 days,Wales Minor Counties,,Left-hand bat,,,
Vernon Leslie Morris,June 13  1894  Briton Ferry  Glamorgan  Wales ,,Glamorgan,,Right-hand bat,Right-arm medium,Son - ,
William Morris,November 23  1873  Lee  London ,,Kent,,Right-hand bat,,May 6  1945  Westminster  London (aged 71 years 164 days) ,
William Bancroft Morris,May 28  1917  Kingston  Jamaica ,100 years 315 days,Essex,,Right-hand bat,Legbreak,,
William Percy Morris,June 19  1881  Swansea  Glamorgan  Wales ,,Glamorgan ,,Right-hand bat,Right-arm medium,July 30  1975  Swansea  Glamorgan  Wales (aged 94 years 41 days) ,
Zachary Clegg Morris,September 4  1978  Barnsley  Yorkshire ,39 years 216 days,Hampshire,,Right-hand bat,Slow left-arm orthodox,,
Ashur A Morrison,April 10  1989  Bristol ,28 years 363 days,Wiltshire,,Right-hand bat,Right-arm medium,,
Dennis Morrison,date unknown ,,England,,,,Umpire,
Ewart Gladstone Morrison,October 7  1899  Kotagala  Ceylon ,,Gloucestershire,,Left-hand bat,Left-arm medium,May 12  1985  Lewes  Sussex (aged 85 years 217 days) ,
John Stanton Fleming Morrison,April 17  1892  West Jesmond  Newcastle upon Tyne  Northumberland ,,Cambridge University ,,Right-hand bat,,Wicketkeeper,
J Morrissey,date unknown ,,Ireland Under-19s ,,,,,
Charles Morse,August 20  1820  Catton Park  Norwich  Norfolk ,,Cambridge University,,Right-hand bat,,March 25  1883  Dresden  Germany (aged 62 years 217 days) ,
Edward James Morse,January 30  1986  Stevenage  Hertfordshire ,32 years 68 days,Hertfordshire ,,Right-hand bat,Right-arm fast-medium,,
Philip Andrew Morse,February 14  1987  North Shields ,31 years 53 days,Northumberland,,Left-hand bat,Slow left-arm orthodox,,
Frank William Morter,August 14  1897  Down  Kent ,,Warwickshire,,Right-hand bat,Right-arm medium-fast,December 20  1958  Five Ways  Birmingham  Warwickshire (aged 61 years 128 days) ,
George Frederick Baskerville Mortimer,August 18  1820 ,,Surrey Club,,,,1854 (aged 33 years) ,
Harry Mortimer,November 23  1872  Sculcoates  Hull  Yorkshire ,,Worcestershire,,,,Wicketkeeper,
Ralph George Elphinstone Mortimer,July 7  1869  Newcastle upon Tyne  Northumberland ,,Lancashire,,Right-hand bat,,May 3  1955  Milbourne Hall  Northumberland (aged 85 years 300 days) ,
William Picton Mortimer,1833 ,,Surrey Club,,,,December 22  1916  Cheltenham  Gloucestershire (aged 83 years) ,
John Brian Mortimore,May 14  1933  Southmead  Bristol ,,England ,,Right-hand bat,Right-arm offbreak,February 13  2014 (aged 80 years 275 days) ,
Harry Clive Mortlock,October 13  1892  Hackney  London ,,Essex,,,Slow left-arm orthodox,March 29  1963  Brentwood  Essex (aged 70 years 167 days) ,
Thomas Samuel Mortlock,1824 ,,,,,,Brother - ,
William Mortlock,July 18  1832  Kennington  London ,,Surrey,,Right-hand bat, (underarm)  Right-arm medium,Brother - ,
Arthur Morton,March 27  1882  Salford  Lancashire ,,Derbyshire,,Right-hand bat,Right-arm fast-medium,February 21  1970  Sheffield  Yorkshire (aged 87 years 331 days) ,
Arthur Morton,May 7  1883  Mellor  Derbyshire ,,Derbyshire,,Right-hand bat,Right-arm medium  Right-arm offbreak,Umpire,
Arthur Henry Aylmer Morton,date unknown ,,Cambridge University,,,,June 14  1913  Westminster  London ,
George Morton,April 25  1828  Bedale  Yorkshire ,,North of England,,,,June 21  1861  Bedale  Yorkshire (aged 33 years 57 days) ,
Geoffrey Dalgleish Morton,July 27  1922  Acton  Middlesex ,,Middlesex,,Right-hand bat,Right-arm medium-fast,January 28  2000  Malvern  Worcestershire (aged 77 years 185 days) ,
HJ Morton,date unknown ,,Northamptonshire 2nd XI,,,,,
Ian Stuart Morton,October 14  1970  Clacton-on-Sea  Essex ,47 years 176 days,Suffolk,,Right-hand bat,Right-arm medium-fast,,
John Morton,August 17  1895  Drapers Field  Coventry  Warwickshire ,,Warwickshire,,Right-hand bat,,May 28  1966  Leamington Spa  Warwickshire (aged 70 years 284 days) ,
Malcolm James Henry Morton,May 13  1910  West Southbourne  Hampshire ,,Cambridge University,,Right-hand bat,Slow left-arm orthodox,June 12  1995  Saffron Walden  Essex (aged 85 years 30 days) ,
Philip Howard Morton,June 20  1857  Tatterford  Norfolk ,,Cambridge University ,,Right-hand bat,Right-arm fast,May 13  1925  Boscombe  Hampshire (aged 67 years 327 days) ,
Terry Morton,date unknown ,,Hampshire 2nd XI,,,,Wicketkeeper,
Thomas Ian Morton,November 16  1985  Southampton ,32 years 143 days,Wiltshire,Wicketkeeper,Right-hand bat,,Wicketkeeper,
Dave Moseby,date unknown ,,,,,,Umpire,
Hallam Reynold Moseley,May 28  1948  Providence  Christ Church  Barbados ,69 years 315 days,Barbados ,,Right-hand bat,Right-arm fast-medium,,
Geoffrey Haydn Moses,September 24  1952  Mountain Ash  Glamorgan  Wales ,65 years 196 days,Cambridge University,,Left-hand bat,Right-arm fast-medium,Son - ,
Timothy Haydn Moses,December 1  1994  Lewes  Sussex ,23 years 128 days,Sussex 2nd XI ,,Left-hand bat,Right-arm medium-fast,Father - ,
Donald Mosey,October 4  1924  Keighley  Yorkshire ,,,,,,Keighley Boys' Grammar School,
Stuart David Houlden Mosey,November 28  1937  Keighley  Yorkshire ,80 years 131 days,Cambridge University,,Right-hand bat,Right-arm fast-medium,,
Henry Mosley,March 8  1850  Kildwick  Skipton  Yorkshire ,,Yorkshire,,Right-hand bat,Left-arm fast,November 29  1933  Crossland Moor  Huddersfield  Yorkshire (aged 83 years 266 days) ,
Alan Edward Moss,November 14  1930  Tottenham  Middlesex ,87 years 145 days,England ,,Right-hand bat,Right-arm fast-medium,,
Ernest Moss,November 25  1894  Mountain Ash  Glamorgan  Wales ,,Glamorgan,,Right-hand bat,Right-arm fast,details unknown ,
Edward Henry Moss,May 25  1911  Godden Green  Kent ,,Oxford University,,Right-hand bat,,March 31  1944  Rimbach  Fulda  Germany (aged 32 years 311 days) ,
H Moss,date unknown ,,Surrey Home Guard,,,,,
John Moss,February 7  1864  Clifton  Nottingham ,,Nottinghamshire,,Right-hand bat,Right-arm medium,Umpire,
Reginald Heber Moss,February 24  1868  Huyton  Liverpool  Lancashire ,,Marylebone Cricket Club ,,Right-hand bat,Right-arm fast  Right-arm medium,March 19  1956  Bridport  Dorset (aged 88 years 24 days) ,
Thomas Edward Mostyn Lloyd Mostyn,January 23  1830  Pengwern  St Asaph  Flintshire  Wales ,,Oxford University,,,,Brother-in-law - ,
Arthur Motley,February 5  1858  Osmondthorpe Hall  Yorkshire ,,Wellington ,,Right-hand bat,Right-arm fast,September 28  1897  Canning Town  Essex (aged 39 years 235 days) ,
Mott,date unknown ,,Cambridge Town Club,,,,,
Thomas James Mottram,September 7  1945  Liverpool  Lancashire ,72 years 213 days,Hampshire,,Right-hand bat,Right-arm medium,,
William James Mottram,September 20  1986  Edgbaston  Birmingham ,31 years 200 days,Oxford MCCU,,Left-hand bat,Right-arm medium-fast,6 ft 4 in ,
Roger Peter Moulding,January 3  1958  Enfield  Middlesex ,60 years 95 days,Middlesex ,,Right-hand bat,Legbreak,,
George William Moulds,November 2  1983  Derby ,34 years 157 days,Derbyshire Cricket Board,,Right-hand bat,Right-arm medium-fast,,
Alfred Samuel Moule,July 31  1894  West Ham  Essex ,,Essex,,Right-hand bat,,February 5  1973  Shoreham-by-Sea  Sussex (aged 78 years 189 days) ,
Harry George Moule,December 23  1921  Brinton Park  Kidderminster  Worcestershire ,96 years 106 days,Worcestershire,,Right-hand bat,,,
Edwin Moulton,date unknown ,,Lancashire 2nd XI,,,,,
William Montague Moulton-Day,November 20  1990  Bury St Edmunds  Suffolk ,27 years 139 days,Essex 2nd XI ,,Right-hand bat,Right-arm medium-fast,,
John Moultrie,December 30  1799  Marylebone  London ,,Cambridge University,,,,December 26  1874  Rugby  Warwickshire (aged 74 years 361 days) ,
Joseph Thomas Mounsey,August 30  1871  Heeley  Sheffield  Yorkshire ,,Yorkshire,,Right-hand bat,Right-arm medium,April 6  1949  Ockford Ridge  Godalming  Surrey (aged 77 years 219 days) ,
Samuel Alexander Mount,December 18  1992  Reigate  Surrey ,25 years 111 days,Somerset 2nd XI ,,Right-hand bat,Right-arm offbreak,King Edward's School  Bath,
Christopher Keith Mountain,January 15  1967  Luton  Bedfordshire ,51 years 83 days,,,,,Scorer,
Matthew John Mountain,May 21  1978  Sleaford  Lincolnshire ,39 years 322 days,Lincolnshire,,Left-hand bat,Right-arm offbreak,,
Arthur Mounteney,February 11  1883  Loughborough  Leicestershire ,,Leicestershire,,Right-hand bat,,June 1  1933  Leicester (aged 50 years 110 days) ,
G Mountfield,date unknown ,,,,,,Umpire,
Jonty Mountfield,February 22  1985 ,33 years 45 days,Shropshire,,Right-hand bat,Right-arm fast-medium,,
Jonathan Robert Mountford,February 22  1985  Wolverhampton ,33 years 45 days,Shropshire,,Right-hand bat,Right-arm medium-fast,,
Peter Neville George Mountford,June 21  1940  Birmingham  Warwickshire ,77 years 291 days,Oxford University,,Right-hand bat,Right-arm medium-fast,,
Catherine Mary Mowat,September 20  1952  Carlisle  Cumberland ,65 years 200 days,England Women ,,,,,
T Mowat,date unknown ,,Cumberland,,,,,
M Mowatt,date unknown ,,Buckinghamshire Women,,,,,
Howard Moxon,March 23  1940  Elsecar  Yorkshire ,78 years 16 days,Cambridge University,,Right-hand bat,Right-arm medium,,
Jonathan Moxon,date unknown ,,Yorkshire 2nd XI ,,,,Father - ,
Martyn Douglas Moxon,May 4  1960  Stairfoot  Barnsley  Yorkshire ,57 years 339 days,England ,,Right-hand bat,Right-arm medium,Brother-in-law - ,
J Moyer,date unknown ,,,,,,Umpire,
James Robert Moyes,December 16  1974  Workington  Cumberland ,43 years 113 days,Cambridge MCCU ,,Right-hand bat,,Father - ,
John Robert Moyes,December 2  1946  Ipswich  Suffolk ,71 years 127 days,Cumberland,,Right-hand bat,,Son - ,
Adrian Charles David Moylan,June 26  1955  Weston-super-Mare  Somerset ,62 years 286 days,Cambridge University,,Left-hand bat,Slow left-arm orthodox,,
Roger Charles Moylan-Jones,April 18  1940  Torquay  Devon ,77 years 355 days,Combined Services,,Right-hand bat,Right-arm offbreak,,
Bevis Neil Moynan,November 21  1977  Huddersfield ,40 years 138 days,Cambridgeshire ,,Right-hand bat,Right-arm medium,,
Robert Alan Moyser,October 24  1977  Ipswich  Suffolk ,40 years 166 days,Norfolk,,Right-hand bat,,,
Robert Arthur Mozelewski,January 30  1985  Hendon  Middlesex ,33 years 68 days,Somerset 2nd XI ,,Right-hand bat,Right-arm medium-fast,,
Aziz Mohamed Mubarak,July 4  1951  Colombo  Ceylon ,66 years 278 days,Cambridge University,,Right-hand bat,Right-arm medium  Right-arm offbreak,Son - ,
Mubasher Hassan,May 27  1991  Sialkot  Punjab  Pakistan ,26 years 316 days,Marylebone Cricket Club Young Cricketers,,,,,
Gordon James Muchall,November 2  1982  Newcastle upon Tyne  Northumberland ,35 years 157 days,Durham,,Right-hand bat,Right-arm medium,Grandfather - ,
James Bernard Muchall,May 5  1919  Stannington  Northumberland ,,Northumberland,,Right-hand bat,,Grandson - ,
Matthew John Muchall,June 22  1981  Newcastle upon Tyne  Northumberland ,36 years 290 days,Northumberland,,Right-hand bat,Right-arm medium-fast,Grandfather - ,
Paul Bernard Muchall,March 17  1987  Newcastle-upon-Tyne ,31 years 22 days,Durham 2nd XI ,,Right-hand bat,Right-arm medium-fast,Grandfather - ,
DS Mucklow,date unknown ,,,,,,Umpire,
Peter Mucklow,November 5  1949  Edgbaston  Birmingham  Warwickshire ,68 years 154 days,Oxford University,,Right-hand bat,,Wicketkeeper,
William Mudie,April 26  1836  Kennington  London ,,Surrey,,Right-hand bat,Right-arm slow (roundarm),Umpire,
Muggeridge,date unknown ,,Surrey XI,,,,,
Andrew Nicholas Muggleton,February 26  1974  Barnstaple  Devon ,44 years 41 days,Surrey,,Right-hand bat,Right-arm medium,,
Francis Hugh Mugliston,June 7  1886  Singapore ,,Cambridge University ,,Right-hand bat,Right-arm slow-medium,October 3  1932  Mayfair  Westminster  London (aged 46 years 118 days) ,
