SW Branston,date unknown ,,Northamptonshire 2nd XI,,,,,
Sameet Singh Brar,May 3  1996  Newcastle upon Tyne  Northumberland ,21 years 333 days,Durham 2nd XI ,,Right-hand bat,Right-arm medium-fast,,
Andrew James Brassington,August 9  1954  Bagnall  Staffordshire ,63 years 235 days,Gloucestershire,,Right-hand bat,,Enden Secondary Modern,
Ruel Marlon Ricardo Brathwaite,September 6  1985  Barbados ,32 years 207 days,West Indians ,,Right-hand bat,Right-arm fast-medium,Dulwich College; Loughborough University,
David John Braulik,December 31  1944  Walthamstow ,73 years 91 days,,,,,Umpire,
Leonard Charles Braund,October 18  1875  Clewer  Berkshire ,,England ,,Right-hand bat,Legbreak,Umpire,
Andrew Richard Bray,November 16  1979  Westminster  London ,38 years 136 days,Hampshire 2nd XI ,,Right-hand bat,Right-arm fast-medium,,
Charlie Bray,April 6  1898  Portslade  Brighton  Sussex ,,Essex,,Right-hand bat,Right-arm medium,Journalist,
Edward Bray,August 19  1849  The Manor House  Shere  Surrey ,,Cambridge University ,,Right-hand bat,Right-arm slow,Son - ,
Edward Hugh Bray,April 15  1874  Kensington  London ,,Cambridge University ,,Right-hand bat,,Father - ,
James Bray,January 18  1853  Limehouse  London ,,Kent,,Right-hand bat,Right-arm medium,August 30  1898  St Pancras  London (aged 45 years 224 days) ,
James Bray,October 11  1790  Waldron  Sussex ,,Kent ,,,,January 31  1869  Waldron  Sussex (aged 78 years 112 days) ,
Kevin George Bray,September 24  1968  Sydney  New South Wales  Australia ,49 years 189 days,Warwickshire Cricket Board,,Right-hand bat,Right-arm fast-medium,,
Leslie Lingwood Bray,January 14  1895  West Ham  Essex ,,Royal Air Force,,,,November 29  1957  Ampthill  Bedfordshire (aged 62 years 319 days) ,
Philippa Lucy Bray,date unknown ,,Worcestershire Women,,,,,
Henry Mellor Braybrooke,February 11  1869  Kandy  Ceylon ,,Cambridge University ,,Right-hand bat,Right-arm medium,October 28  1935  Hawkhurst  Kent (aged 66 years 259 days) ,
Stephen Henry Braybrooke,December 24  1808  Thanet  Kent ,,Manchester,,,,1886  Salford  Lancashire (aged 77 years) ,
Peter Beldon Brayshay,October 14  1916  Headingley  Leeds  Yorkshire ,,Europeans (India) ,,Right-hand bat,Right-arm fast,July 2004  Leeds  Yorkshire (aged 87 years) ,
Alan Frederick Brazier,December 7  1924  Paddington  London ,,Kent ,,Right-hand bat,Right-arm medium,Coach,
Louise Emily Brazier,date unknown ,,Warwickshire Women,,,,,
Rebecca Ann Brazier,July 29  1998   Birmingham  Warwickshire ,19 years 246 days,Warwickshire Women,,,,,
William Brazier,1755  Cudham  Kent ,,Kent XI ,,,,October 7  1829  Cudham  Kent (aged 74 years) ,
Dennis Breakwell,July 2  1948  Brierley Hill  Staffordshire ,69 years 273 days,Northamptonshire ,,Left-hand bat,Slow left-arm orthodox,Ounsdale Comprehensive School  Staffordshire,
David Hilton Breakwell,June 16  1946  Bridgnorth  Shropshire ,71 years 289 days,Shropshire,,Right-hand bat,Right-arm fast-medium,,
Jessica Breakwell,August 21  1994 ,23 years 223 days,Shropshire Women,,,,,
Horace Brearley,June 26  1913  Heckmondwike  Yorkshire ,,Middlesex ,,Right-hand bat,,Son - ,
John Michael Brearley,April 28  1942  Harrow  Middlesex ,75 years 338 days,England ,,Right-hand bat,Right-arm medium,Father - ,
Mark D Brearley,date unknown ,,England Young Cricketers ,,,,,
Walter Brearley,March 11  1876  Bolton  Lancashire ,,England ,,Right-hand bat,Right-arm fast,January 30  1937  Marylebone  London (aged 60 years 325 days) ,
Martin Nicholas Breddy,September 23  1961  Torquay  Devon ,56 years 190 days,Cambridge University,,Right-hand bat,,,
Andrew Michael Bredin,January 12  1962  Wimbledon  Surrey ,56 years 79 days,Sussex,,Right-hand bat,Slow left-arm orthodox,,
Carl Louis Breeden,February 10  1891  Moseley  Birmingham  Warwickshire ,,Warwickshire,,Right-hand bat,Right-arm medium,November 2  1951  Claverdon  Warwickshire (aged 60 years 265 days) ,
Josef Johannes Breet,July 3  1980  Johannesburg  Transvaal  South Africa ,37 years 272 days,Wiltshire,,Right-hand bat,Right-arm offbreak,,
IL Breeze,date unknown ,,,,,,Umpire,
James Brelsford,December 19  1855  Brimington  Derbyshire ,,Derbyshire,,Right-hand bat,Right-arm medium,James Bralsford,
Rory Keith Ogilvy Bremner,April 6  1961  Edinburgh  Midlothian ,56 years 360 days,International XI,,,,,
Henry Brenchley,September 30  1828  Milton  Kent ,,Kent,,,,February 24  1887  Dover  Kent (aged 58 years 147 days) ,
Thomas Herman Brenchley,date unknown ,,Kent,,,,September 19  1894  Newcastle Emlyn  Carmarthen ,
Donald Vincent Brennan,February 10  1920  Eccleshill  Yorkshire ,,England ,,Right-hand bat,,Wicketkeeper,
Charles John Brereton,December 10  1838  Brinningham Hall  Norfolk ,,Cambridge University ,,,,September 9  1898  Thornage  Norfolk (aged 59 years 273 days) ,
W J Brereton,date unknown ,,Norfolk,,,,,
R Bresnan,date unknown ,,Yorkshire 2nd XI,,,,,
Timothy Thomas Bresnan,February 28  1985  Pontefract  Yorkshire ,33 years 32 days,England ,Allrounder,Right-hand bat,Right-arm medium-fast,Castleford High School  Pontefract New College,
Alastair Nigel Bressington,November 28  1979  Bristol ,38 years 124 days,Cardiff MCCU ,,Left-hand bat,Right-arm medium,Brother - ,
Nathan Stewart Bressington,February 7  1981  Cheltenham  Gloucestershire ,37 years 53 days,Gloucestershire Cricket Board,,Left-hand bat,Right-arm medium,Brother - ,
James Bretherton,January 5  1862  Whiston  Lancashire ,,Liverpool and District,,Right-hand bat,Right-arm fast-medium,June 9  1926  Raby  Cheshire (aged 64 years 155 days) ,
James Brett,date unknown ,,England,,,,,
Noel Adrian Brett,September 8  1975  Aldershot  Hampshire ,42 years 205 days,Surrey Cricket Board,,Right-hand bat,Right-arm offbreak,,
Philip Brett,1816  Mount Bures  Essex ,,Cambridge University,,,,January 9  1872  Mount Bures  Essex (aged 56 years) ,
Patrick John Brett,April 18  1910  Johannesburg  Transvaal  South Africa ,,Oxford University,,Right-hand bat,Right-arm medium-fast,December 9  1982  Hook Heath  Woking  Surrey (aged 72 years 235 days) ,
Thomas Brett,November 13  1989  Kettering  Northamptonshire ,28 years 139 days,Bedfordshire ,,Right-hand bat,Slow left-arm orthodox,Cousin - ,
Thomas Brett,1747  Catherington  Hampshire ,,Hampshire XI,,,(unknown arm) fast (underarm),December 31  1809  Kingston Cross  Portsmouth  Hampshire (aged 62 years) ,
David Norman Brettell,March 10  1956  Woking  Surrey ,62 years 22 days,Hong Kong ,,Left-hand bat,Slow left-arm orthodox,,
James Gordon Brettell,December 19  1962  Woking  Surrey ,55 years 103 days,Oxford University,,Right-hand bat,Slow left-arm orthodox,,
Derek Brewer,date unknown ,,,,,,Administrator,
Matt Brewer,date unknown ,,Gloucestershire 2nd XI,,,,,
Thomas Tanner Brewer,August 23  1868  Huntspill  Bridgwater  Somerset ,,London County,,,,details unknown ,
Andrew David Francis Brewster,February 1  1997  York ,21 years 59 days,Unicorns,,Right-hand bat,Right-arm medium,,
Anthony Piers Brewster,August 31  1978  Reading  Berkshire ,39 years 213 days,Sussex 2nd XI ,,Right-hand bat,Right-arm medium,,
H Brewster,date unknown ,,Northamptonshire 2nd XI,,,,,
Vincent Crescedo Brewster,January 2  1940  Bridgetown  Barbados ,78 years 89 days,Warwickshire,,Left-hand bat,Slow left-arm orthodox,,
Christopher Trevor Brice,January 5  1983  Leeds  Yorkshire ,35 years 86 days,Yorkshire Cricket Board,,Left-hand bat,Slow left-arm orthodox,,
Edward Archibald Brice,September 1  1849  Secunderabad  Andhra Pradesh  India ,,Gloucestershire,,Right-hand bat,Right-arm fast,changed his name to Edward Archibald Bruce in August 1875,
Gordon Harry Joseph Brice,May 4  1924  Goldington  Bedford ,93 years 332 days,Northamptonshire,,Right-hand bat,Right-arm fast-medium,,
James Alan Brice,July 18  1982  Sheffield  Yorkshire ,35 years 257 days,Lincolnshire,,Right-hand bat,Right-arm medium-fast,,
Colin Brickell,date unknown ,,,,,,Umpire,
Briden,date unknown ,,Middlesex,,,,,
Briden,date unknown ,,Surrey XI,,,,,
Derek James Wilson Bridge,November 30  1921  Crumpsall  Manchester  Lancashire ,,Northamptonshire ,,Right-hand bat,Right-arm offbreak,Nephew - ,
Graeme David Bridge,September 4  1980  Sunderland  Co Durham ,37 years 209 days,Durham ,,Right-hand bat,Slow left-arm orthodox,Southmoor School  Sunderland,
Walter Basil Bridge,May 29  1938  Selly Oak  Birmingham  Warwickshire ,79 years 307 days,Warwickshire,,Right-hand bat,Right-arm offbreak,,
Charles George Orlando Bridgeman,July 13  1852  Wells  Somerset ,,Cambridge University,,Right-hand bat,Right-arm slow (roundarm),December 19  1933  St John's Wood  London (aged 81 years 159 days) ,
William Clive Bridgeman,December 31  1864  Marylebone  London ,,Cambridge University,,Right-hand bat,,created 1st Viscount Bridgeman in 1929,
Benjamin Derek Bridgen,November 8  1985  Nuneaton  Warwickshire ,32 years 144 days,Dorset ,,Right-hand bat,Right-arm medium,Repton,
R Bridgens,date unknown ,,Somerset 2nd XI,,,,,
H Bridger,date unknown ,,Middlesex XI,,,,,
John Richard Bridger,April 8  1920  Dulwich  Surrey ,,Hampshire,,Right-hand bat,Legbreak,July 14  1986  Burley  Hampshire (aged 66 years 97 days) ,
Samuel Bridger,May 11  1777  Dorking  Surrey ,,Surrey,,,,details unknown ,
Bridges,date unknown ,,Cambridge Town Club,,,,,
Bridges,date unknown ,,Homerton,,,,,
Ashley Bridges,June 21  1986 ,31 years 284 days,Cornwall Women,,,,,
John Henry Bridges,March 26  1852  Horsham  Sussex ,,Surrey,,Right-hand bat,,Brother-in-law - ,
James John Bridges,June 28  1887  Timsbury  Bath  Somerset ,,Somerset,,Right-hand bat,Right-arm fast-medium,September 26  1966  Hackney  London (aged 79 years 90 days) ,
Leslie Walter Bridges,February 14  1890  Christchurch  Canterbury  New Zealand ,,Cambridge University,,,,August 6  1959  Bercham  Antwerp  Belgium (aged 69 years 173 days) ,
R Bridgestock,date unknown ,,Norfolk,,,,,
Robbie Bridgstock,April 27  1994  Norwich  Norfolk ,23 years 339 days,Norfolk,,,,,
Drew Brierley,February 26  1997 ,21 years 34 days,Cambridge MCCU,,Right-hand bat,,,
Daniel Paul Brierley,October 7  1986  Stoke-on-Trent  Staffordshire ,31 years 176 days,Leicestershire 2nd XI,,Left-hand bat,,Wicketkeeper,
Robert Matthew Brierley,April 20  1981  Ashton-under-Lyne ,36 years 346 days,Cheshire,,Right-hand bat,Right-arm offbreak,,
Thomas Leslie Brierley,June 15  1910  Southampton  Hampshire ,,Canada ,,Right-hand bat,,Wicketkeeper,
Thomas Marcus Buckley Brierley,September 28  1984  Hereford ,33 years 185 days,Herefordshire ,,Right-hand bat,Slow left-arm orthodox,,
Thomas Marcus Buckley Brierley,September 28  1984  Hereford ,33 years 185 days,Herefordshire,,Right-hand bat,Right-arm offbreak,,
Mark Paul Briers,April 21  1968  Loughborough  Leicestershire ,49 years 345 days,Bedfordshire ,,Right-hand bat,Legbreak,,
Norman Briers,February 10  1947  Highfields  Leicester ,71 years 50 days,Leicestershire,,Right-hand bat,Right-arm fast-medium,,
Nigel Edwin Briers,January 15  1955  Southfields  Leicester ,63 years 76 days,Leicestershire,,Right-hand bat,Right-arm medium,Lutterworth Grammar School; Borough Road College,
Andrew Clive Briggs,January 22  1950  Bourne  Lincolnshire ,68 years 69 days,,,,,Umpire,
Charles Edward Briggs,September 17  1873  Ashbourne  Derbyshire ,,Hampshire,,,,December 16  1949  Sherborne  Dorset (aged 76 years 90 days) ,
Danny Richard Briggs,April 30  1991  Newport  Isle of Wight ,26 years 336 days,England ,Bowler,Right-hand bat,Slow left-arm orthodox,,
Jack Briggs,April 8  1916  Haslingden  Lancashire ,,Lancashire,,Right-hand bat,Slow left-arm orthodox,June 1  1984  Rawtenstall  Lancashire (aged 68 years 54 days) ,
John Briggs,October 3  1862  Sutton-in-Ashfield  Nottinghamshire ,,England ,,Right-hand bat,Slow left-arm orthodox,Brother - ,
Joseph Banner Briggs,June 4  1860  Sutton-in-Ashfield  Nottinghamshire ,,Nottinghamshire,,Right-hand bat,Slow left-arm orthodox,Brother - ,
Kenneth Robert Briggs,July 17  1933  Woking  Surrey ,84 years 258 days,Combined Services,,Right-hand bat,Right-arm offbreak,,
Patrick David Briggs,August 24  1940  Timperley  Cheshire ,77 years 220 days,Bedfordshire ,,Right-hand bat,Right-arm medium,,
Rawdon Briggs,December 30  1853  Warkworth  Northumberland ,,Oxford University,,Right-hand bat,Right-arm fast (roundarm),August 21  1936  Bedford (aged 82 years 235 days) ,
Salliann Gertrude Briggs,February 3  1984  Grimsby  Lincolnshire ,34 years 57 days,England Development Squad Women ,,Right-hand bat,Right-arm medium,,
David Stephen Brignull,November 27  1981  Forest Gate  London ,36 years 125 days,Leicestershire ,,Right-hand bat,Right-arm fast-medium,,
J Brimble,date unknown ,,Gloucestershire 2nd XI,,,,,
Matthew Thomas Brimson,December 1  1970  Plumstead  London ,47 years 121 days,Kent ,,Right-hand bat,Slow left-arm orthodox,,
Theodore Ernest Warren Brinckman,May 21  1898  London ,,Sir TEW Brinckman's XI,,,,July 26  1954  Marylebone  London (aged 56 years 66 days) ,
Arran Brindle,November 23  1981  Keighley  Yorkshire ,36 years 129 days,England Women ,,Right-hand bat,Right-arm medium,Arran Thompson,
Reginald Gordon Brindle,October 3  1925  Warrington  Lancashire ,,Warwickshire,,Right-hand bat,,March 16  1998  Newton-le-Willows  Lancashire (aged 72 years 164 days) ,
Thomas Brindley,June 3  1841  Chester  Cheshire ,,Marylebone Cricket Club,,Right-hand bat,(unknown arm) slow (underarm),March 1  1911  West Cliff  Bournemouth  Hampshire (aged 69 years 271 days) ,
William Thomas Brindley,December 4  1896  High Wycombe  Buckinghamshire ,,Ceylon ,,Right-hand bat,,August 13  1958  Virginia Water  Surrey (aged 61 years 252 days) ,
G Brinton,date unknown  Newcastle upon Tyne  Northumberland ,,Northumberland,,,,,
Percival Robert Brinton,February 5  1873  Moor Hall  Lower Mitton  Worcestershire ,,Worcestershire,,,,May 14  1958  Oxford (aged 85 years 98 days) ,
Ronald Lewis Brinton,February 26  1903  Kidderminster  Worcestershire ,,Worcestershire,,Right-hand bat,,April 19  1980  Malvern  Worcestershire (aged 77 years 53 days) ,
Reginald Seymour Brinton,December 15  1869  Moor Hall  Lower Mitton  Worcestershire ,,Worcestershire,,Right-hand bat,Right-arm fast-medium,February 23  1942  Kidderminster  Worcestershire (aged 72 years 70 days) ,
Henry Briscoe,May 20  1861  Bonehill  Staffordshire ,,England,,Right-hand bat,Right-arm fast-medium,March 7  1911  Fenton  Staffordshire (aged 49 years 291 days) ,
JD Briscoe,date unknown ,,,,,,Umpire,
John Bristow,April 13  1840  Esher  Surrey ,,Surrey,,Right-hand bat,Left-arm medium,Wicketkeeper,
Tony R Bristow,date unknown ,,Bedfordshire,,,,,
Orme Cheshyre Bristowe,April 12  1895  Watford  Hertfordshire ,,Essex ,,Right-hand bat,Legbreak googly,December 27  1938  Freiston Shore  Lincolnshire (aged 43 years 259 days) ,
William Robert Bristowe,November 17  1963  Woking  Surrey ,54 years 135 days,Oxford University,,Right-hand bat,Right-arm offbreak,,
James Brittain,September 25  1785  Nottingham ,,Nottinghamshire,,,,details unknown ,
Janette Ann Brittin,July 4  1959  Kingston-upon-Thames  Surrey ,,England Women ,,Right-hand bat,Right-arm offbreak,September 11  2017 (aged 58 years 69 days) ,
Daniel Peter Britton,September 25  1981  Salisbury  Wiltshire ,36 years 188 days,Dorset,,Right-hand bat,Right-arm fast-medium,,
George Britton,February 7  1843  Hunslet  Yorkshire ,,Yorkshire,,Right-hand bat,,January 3  1910  Leeds  Yorkshire (aged 66 years 330 days) ,
J Britton,date unknown ,,,,,,Umpire,
Brian Christopher Broad,September 29  1957  Knowle  Somerset ,60 years 184 days,England ,,Left-hand bat,Right-arm medium,Son - ,
James Broad,May 9  1814  Cobham  Kent ,,Kent,,,,December 27  1888  Cobham  Kent (aged 74 years 232 days) ,
Stuart Christopher John Broad,June 24  1986  Nottingham ,31 years 281 days,England ,Bowler,Left-hand bat,Right-arm fast-medium,Father - ,
Arthur Broadbent,June 7  1879  Armley  Leeds  Yorkshire ,,Scotland ,,Right-hand bat,Right-arm fast-medium,July 19  1958  Aberdeen  Scotland (aged 79 years 42 days) ,
Daniel Louis Broadbent,January 22  1985  Leeds  Yorkshire ,33 years 69 days,England Under-15s ,,Left-hand bat,Right-arm offbreak,,
Robert Gillespie Broadbent,June 21  1924  Beckenham  Kent ,,Hertfordshire ,,Right-hand bat,Right-arm fast-medium,April 26  1993  Bromyard  Herefordshire (aged 68 years 309 days) ,
Charles Broadbridge,date unknown ,,Sussex,,,,1184107  Duncton  Sussex ,
James Broadbridge,date unknown ,,Godalming ,,Right-hand bat,,February 12  1843  Duncton  Sussex ,
John Broadbridge,date unknown ,,Left-Handed,,,,,
Robert Broadbridge,date unknown ,,Sussex,,,,June 22  1797  Duncton  Sussex ,
William Broadbridge,October 1  1790  Duncton  Sussex ,,Sussex,,Right-hand bat,,Wicketkeeper,
Wilfred Bedford Broadhead,May 31  1903  East Ardsley  Yorkshire ,,Yorkshire,,Right-hand bat,Legbreak,April 2  1986  Wath-on-Dearne  Yorkshire (aged 82 years 306 days) ,
Mark Broadhurst,June 20  1974  Worsborough Common  Barnsley  Yorkshire ,43 years 285 days,Kent 2nd XI ,,Right-hand bat,Right-arm fast-medium,,
Vaughan John Pascal Broadley,April 4  1972  Sutton-in-Ashfield  Nottinghamshire ,45 years 362 days,Nottinghamshire,,Right-hand bat,Right-arm medium-fast,,
Ralph Francis Broberg,July 21  1899  Balsall Heath  Birmingham  Warwickshire ,,Warwickshire,,,Slow left-arm orthodox,September 3  1938  Hall Green  Birmingham  Warwickshire (aged 39 years 44 days) ,
Andrew Mallus George Brock,June 12  1990 ,27 years 293 days,Highlanders,,,,,
Denton John Brock,July 10  1971  Newcastle-under-Lyme  Staffordshire ,46 years 265 days,Cheshire ,,Right-hand bat,Right-arm fast-medium,,
Euan Edward Brock,February 9  1991  Reading  Berkshire ,27 years 51 days,Berkshire ,,Right-hand bat,Slow left-arm orthodox,,
Lawrence Edward Brock,November 10  1995  Oxfordshire ,22 years 142 days,Northamptonshire 2nd XI ,,Right-hand bat,Left-arm medium,,
Tom MJ Brock,date unknown ,,Oxford University,,Right-hand bat,Right-arm medium,,
John Benn Brockbank,August 22  1848  Whitehaven  Cumberland ,,Marylebone Cricket Club,,Right-hand bat,,February 4  1896  Fulham  London (aged 47 years 166 days) ,
John Montague Brocklebank,September 3  1915  Meols  Hoylake  Cheshire ,,Bengal ,,Right-hand bat,,Eton College; Cambridge University,
Thomas Aubrey Lawies Brocklebank,October 23  1899  Chelsea  London ,,Cambridge University,,,,September 15  1953  Bathafarn Hall  Ruthin  Denbighshire  Wales (aged 53 years 327 days) ,
Benjamin Gilbert Brocklehurst,February 18  1922  Knapton  Norfolk ,,Somerset,,Right-hand bat,,Son-in-law - ,
George Brockwell,August 14  1809  Kingston-upon-Thames  Surrey ,,Surrey,,Left-hand bat,Slow left-arm orthodox (roundarm),Nephew - ,
William Brockwell,January 21  1865  Kingston-upon-Thames  Surrey ,,England ,,Right-hand bat,Right-arm fast-medium,Uncle - ,
C Broderick,date unknown ,,Derbyshire 2nd XI,,,,Son - ,
Vincent Broderick,August 17  1920  Bacup  Lancashire ,,Northamptonshire,,Left-hand bat,Slow left-arm orthodox,November 14  2010  Colden Common  Winchester  Hampshire (aged 90 years 89 days) ,
Arthur Hugh Brodhurst,July 21  1916  Buenos Aires  Argentina ,,Cambridge University ,,Right-hand bat,Right-arm offbreak,Father-in-law - ,
Bernard Maynard Lucas Brodhurst,August 6  1873  Benares (now Varanasi)  Uttar Pradesh  India ,,Hampshire,,Right-hand bat,Right-arm fast-medium,April 27  1915  near Canadian Farm  St Juliens  Ypres  Belgium (aged 41 years 264 days) ,
Callum Ashley J Brodrick,January 24  1998  Burton-upon-Trent  Staffordshire ,20 years 67 days,Derbyshire ,,Right-hand bat,,John Taylor High School  Barton-under-Needwood,
Peter Dawson Brodrick,May 11  1937  North Shields  Northumberland ,80 years 325 days,Cambridge University,,Right-hand bat,Slow left-arm orthodox,,
Stephen Michael Brogan,September 24  1969  Worksop  Nottinghamshire ,48 years 189 days,Herefordshire ,,Right-hand bat,,,
Henry Bromley,December 25  1816  Stoke Hall  Nottinghamshire ,,Marylebone Cricket Club,,,,September 21  1895  Stoke  Nottinghamshire (aged 78 years 270 days) ,
Philip Harry Bromley,July 30  1930  Stratford-on-Avon  Warwickshire ,,Warwickshire,,Right-hand bat,Right-arm offbreak,Warwick School,
Richard Charles Bromley,June 23  1946  Oxted  Surrey ,71 years 282 days,Cambridge University,,Left-hand bat,,Wicketkeeper,
Hugh Richard Bromley-Davenport,August 18  1870  Capesthorne Hall  Chelford  Cheshire ,,England ,,Right-hand bat,Left-arm fast,Brother-in-law - ,
Eliot George Bromley-Martin,October 2  1866  St Cloud  Callow End  Worcester ,,Worcestershire,,Right-hand bat,Right-arm slow,January 23  1946  Downton  Walton  Radnorshire  Wales (aged 79 years 113 days) ,
Granville Edward Bromley-Martin,October 18  1875  St Cloud  Callow End  Worcester ,,Oxford University ,,Right-hand bat,Right-arm slow,May 31  1941  Streat Place  Streat  Sussex (aged 65 years 225 days) ,
Arthur John Brook,September 18  1844  Bexhill-on-Sea  Sussex ,,Sussex,,,,December 19  1917  Sidley  Bexhill  Sussex (aged 73 years 92 days) ,
Gary Brook,November 25  1968  Leeds  Yorkshire ,49 years 127 days,Yorkshire Cricket Board,,Right-hand bat,,Wicketkeeper,
George Wilfred Brook,August 30  1888  Mirfield  Yorkshire ,,Worcestershire,,Right-hand bat,Legbreak,July 24  1966  Bournemouth  Hampshire (aged 77 years 328 days) ,
Harry Cherrington Brook,February 22  1999  Keighley  Yorkshire ,19 years 38 days,England Under-19s ,Batsman,Right-hand bat,Right-arm medium,,
James William Brook,February 1  1897  Ossett  Yorkshire ,,Yorkshire,,Right-hand bat,Right-arm medium,March 3  1989  Selby  Yorkshire (aged 92 years 30 days) ,
Richard Mathew Brook,November 11  1978  Huntingdon  Cambridge ,39 years 141 days,Northumberland,,Right-hand bat,Slow left-arm orthodox,,
Bernard Brooke,March 3  1930  Newsome  Huddersfield  Yorkshire ,88 years 29 days,Yorkshire,,Right-hand bat,Right-arm medium-fast,,
Basil Charles Barrington Brooke,April 6  1895  Boddington House  Northamptonshire ,,Royal Navy,,,,January 20  1983  Saffron Walden  Essex (aged 87 years 289 days) ,
Francis Capper Brooke,September 18  1810  Ufford Place  Suffolk ,,Marylebone Cricket Club,,,,January 13  1886  Ufford Place  Suffolk (aged 75 years 117 days) ,
Francis Ralph Russell Brooke,October 2  1884  Bowdon  Cheshire ,,Ceylon ,,Right-hand bat,,Wicketkeeper,
Matthew Peter Brooke,April 14  1972  Moreley  Yorkshire ,45 years 352 days,Worcestershire,,Right-hand bat,Right-arm medium-fast,,
Richard Hubert John Brooke,June 6  1909  Eton  Buckinghamshire ,,Gloucestershire ,,Right-hand bat,Right-arm medium,May 3  1973  Great Canfield  Essex (aged 63 years 331 days) ,
Jonathan Anthony Dyson Brooker,December 20  1980  Solihull  Warwickshire ,37 years 102 days,,,Right-hand bat,Legbreak,,
Mervyn Edward William Brooker,March 24  1954  Burton-on-Trent  Staffordshire ,64 years 8 days,Cambridge University ,,Right-hand bat,Right-arm medium,,
Rebecca Brooker,date unknown ,,Lincolnshire Women,,,,,
Wilfred H Brookes,date unknown ,,,,,,Journalist  Author,
Andrew Phillip Brookes,July 31  1969  Solihull  Warwickshire ,48 years 244 days,Warwickshire Cricket Board,,Right-hand bat,Right-arm offbreak,,
Benjamin Louis Brookes,June 29  1997  Solihull  Warwickshire ,20 years 276 days,Marylebone Cricket Club Young Cricketers ,,Right-hand bat,Left-arm medium,,
Dennis Brookes,October 29  1915  Kippax  Leeds  Yorkshire ,,England ,,Right-hand bat,Right-arm medium,Coach  Administrator,
Henry James Hamilton Brookes,August 21  1999  Solihull  Warwickshire ,18 years 223 days,England Under-19s ,,Right-hand bat,Right-arm medium,,
JA Brookes,date unknown ,,Northamptonshire 2nd XI,,,,,
Thea Francis Brookes,February 15  1993  Wordsley  Warwickshire ,25 years 45 days,Diamonds,,Right-hand bat,Right-arm offbreak,,
Cecil Brooke-Short,1894 ,,Royal Navy,,,,June 28  1937  Wei-Hai-Wei  China (aged 43 years) ,
David Charles Brooke-Taylor,June 15  1920  Bakewell  Derbyshire ,,Derbyshire,,Right-hand bat,,July 17  2000  Tremadoc  Gwynedd (aged 80 years 32 days) ,
Geoffrey Parker Brooke-Taylor,October 25  1895  Bakewell Hall  Derbyshire ,,Argentina ,,Left-hand bat,,Wicketkeeper,
A Brooks,date unknown ,,Middlesex,,,,,
Alfred James Brooks,March 24  1846  Sutton-in-Ashfield  Nottinghamshire ,,Nottinghamshire,,Right-hand bat,Right-arm fast-medium,November 20  1911  Sutton-in-Ashfield  Nottinghamshire (aged 65 years 241 days) ,
Abraham Worthington Brooks,May 29  1852  Darley Lever  Lancashire ,,Lancashire,,,,Wicketkeeper,
Charles E W Brooks,date unknown ,,Berkshire,,,Legbreak,,
Don Brooks,date unknown ,,,,,,Umpire,
Don A Brooks,date unknown ,,,,,,Umpire,
Edward William John Brooks,July 6  1898  Camberwell  London ,,Surrey,,Right-hand bat,Right-arm medium,Wicketkeeper,
Hubert Brooks,1886  Harewood Hill  Darlington  Co Durham ,,Durham,,Right-hand bat,Legbreak googly,January 31  1967  Ryhope  Sunderland  Co Durham (aged 81 years) ,
J Brooks,date unknown ,,Gloucestershire,,,(unknown arm) medium,,
Joseph Brooks,September 10  1870  South Normanton  Derbyshire ,,Derbyshire,,,Left-arm fast-medium,May 15  1937  Shuttlewood  Derbyshire (aged 66 years 247 days) ,
Jack Alexander Brooks,June 4  1984  Oxford ,33 years 301 days,England Lions ,,Right-hand bat,Right-arm medium-fast,,
Kevin Graham Goldthorpe-Brooks,October 15  1959  Caversham  Reading  Berkshire ,58 years 168 days,Derbyshire ,,Right-hand bat,Right-arm medium  Right-arm offbreak,,
Lloyd Robinson Brooks,November 11  1984  Aylesbury ,33 years 141 days,Buckinghamshire,,Right-hand bat,,,
Paul Wilson Brooks,May 28  1921  Marylebone  London ,,Middlesex,,Left-hand bat,Left-arm fast-medium,January 26  1946  Paddington  London (aged 24 years 243 days) ,
Richard Brooks,July 29  1863  Sutton-on-Sea  Lincolnshire ,,London County ,,Right-hand bat,,Wicketkeeper,
Richard Alan Brooks,June 14  1943  Edgware  Middlesex ,74 years 291 days,Oxford University ,,Right-hand bat,,Wicketkeeper,
Reginald Alexander Dallas Brooks,August 2  1896  Cambridge ,,Hampshire,,Right-hand bat,Right-arm medium,Reginald Alexander Dallas-Brooks,
Ronald Clifton Brooks,March 3  1899  East Molesey  Surrey ,,Cambridge University,,Right-hand bat,,Father-in-law - ,
Robert David Brooks,September 14  1970  Truro  Cornwall ,47 years 199 days,Oxfordshire,,Left-hand bat,,Wicketkeeper,
Thomas Andrew Brooks,November 10  1982  Harrow ,35 years 142 days,Buckinghamshire,,Right-hand bat,,Wicketkeeper,
Thomas Luke Brooks,September 29  1995  Lincoln ,22 years 184 days,Lincolnshire ,,Right-hand bat,,Wicketkeeper,
Theo Stanley W Brooks,December 14  1984  Kettering ,33 years 108 days,Northamptonshire 2nd XI,,Right-hand bat,Legbreak,,
Victor Charles George Brooks,June 29  1948  East Ham  Essex ,69 years 276 days,Essex,,Left-hand bat,,Wicketkeeper,
Walter Tyrrell Brooks,February 23  1884  Kensington  London ,,HDG Leveson-Gower's XI,,,,June 3  1965  Tunbridge Wells  Kent (aged 81 years 100 days) ,
George Stamp Brooksbank,July 4  1981  London ,36 years 271 days,Hertfordshire,,Left-hand bat,Left-arm fast-medium,,
Ian Broome,May 6  1960  Bradenstoke-cum-Clack  Wiltshire ,57 years 330 days,Derbyshire,,Right-hand bat,Right-arm fast-medium,,
Daniel J Brosnan,date unknown ,,Warwickshire 2nd XI ,,,,,
A Brotherhood,date unknown ,,,,,,Umpire,
Rowland Brotherhood,November 18  1841  Brinkworth  Wiltshire ,,Gloucestershire,,Left-hand bat,Left-arm fast (underarm),circa 1901 ,
Henry Brougham,July 8  1888  Wellington College  Berkshire ,,Oxford University,,Right-hand bat,,Wellington College; Oxford University,
Bruno M Broughton,October 10  1995 ,22 years 173 days,Oxford MCCU,,Left-hand bat,Slow left-arm orthodox,,
Daniel Robin Broughton,June 10  1985  Leicester ,32 years 295 days,Kibworth,,Left-hand bat,Left-arm fast-medium,,
Ernest Alfred Broughton,April 22  1905  Wigston  Leicestershire ,,Leicestershire,,Right-hand bat,Right-arm offbreak,February 19  1982  Wigston  Leicestershire (aged 76 years 303 days) ,
John Jarvis Broughton,September 8  1873  Grantham  Lincolnshire ,,Lancashire,,Right-hand bat,,April 3  1952  Orrell  Billinge  Lancashire (aged 78 years 208 days) ,
Peter Norman Broughton,October 22  1935  Castleford  Yorkshire ,82 years 161 days,Leicestershire ,,Right-hand bat,Right-arm fast-medium,,
Robert John Porcher Broughton,July 11  1816  Farnham  Surrey ,,Cambridge University,,,(unknown arm) slow (roundarm),June 15  1911  Callipers Hall  Chipperfield  Hertfordshire (aged 94 years 339 days) ,
Brown,date unknown ,,G Osbaldeston's XI,,,,,
Brown,date unknown ,,C Lennox's XI,,,,,
Angie Brown,date unknown ,,Wiltshire Women,,,,,
Alan Brown,October 17  1935  Rainworth  Nottinghamshire ,82 years 166 days,England ,,Right-hand bat,Right-arm fast-medium,,
Alan Brown,April 1  1933  Seaton Delaval  Northumberland ,,Minor Counties ,,Right-hand bat,Right-arm medium,August 23  2013  Fenham  Newcastle upon Tyne  Northumberland (aged 80 years 144 days) ,
Alan Brown,December 23  1957  Darwen  Lancashire ,60 years 99 days,Worcestershire,,Right-hand bat,,Wicketkeeper,
Albert Brown,July 10  1911  Aston  Birmingham  Warwickshire ,,Warwickshire,,Right-hand bat,Right-arm fast-medium,April 27  1995  Birmingham  Warwickshire (aged 83 years 291 days) ,
Alfred Brown,June 10  1854  Old Malton  Yorkshire ,,Yorkshire,,Right-hand bat,Right-arm fast (roundarm),November 2  1900  Malton  Yorkshire (aged 46 years 145 days) ,
AB Brown,date unknown ,,Surrey 2nd XI,,,,,
Adrian Desmond Brown,May 18  1962  Clacton-on-Sea  Essex ,55 years 318 days,Cambridge University ,,Right-hand bat,,Wicketkeeper,
Alistair Duncan Brown,February 11  1970  Beckenham  Kent ,48 years 49 days,England ,,Right-hand bat,Right-arm offbreak,Caterham School,
Alexander Gordon Brown,February 10  1967  Stockfield  Northumberland ,51 years 50 days,Northumberland,,Left-hand bat,Right-arm medium-fast,,
Andrew John Trevor Brown,June 27  1935  Haymarket  Edinburgh  Midlothian  Scotland ,82 years 278 days,Combined Services,,Left-hand bat,Right-arm offbreak,,
Andrew Mark Brown,November 6  1964  Heanor  Derbyshire ,53 years 146 days,Derbyshire ,,Left-hand bat,Right-arm offbreak,,
AP Brown,date unknown ,,Essex 2nd XI,,,,,
Anthony Stephen Brown,June 24  1936  Clifton  Bristol ,81 years 281 days,Gloucestershire,,Right-hand bat,Right-arm medium-fast,Fairfield Grammar School  Bristol,
B Brown,date unknown ,,,,,,Umpire,
Ben Christopher Brown,November 23  1988  Crawley  Sussex ,29 years 129 days,England Under-19s ,,Right-hand bat,,Cousin - ,
Conor Brown,April 28  1997  Caerphilly ,20 years 338 days,Glamorgan 2nd XI ,,Right-hand bat,Right-arm offbreak,,
Charles Brown,January 22  1815  Nottingham ,,Nottinghamshire,,Right-hand bat,,Wicketkeeper,
Christopher Brown,August 16  1974  Oldham  Lancashire ,43 years 228 days,Badureliya Sports Club ,,Right-hand bat,Right-arm offbreak,,
Charles Atherton Brown,June 8  1854  Sydney  New South Wales  Australia ,,Sussex,,Right-hand bat,Left-arm fast (roundarm),July 8  1917  Grendon Hall  Atherstone  Warwickshire (aged 63 years 30 days) ,
Colin Edwin Brown,October 12  1878  North Curry  Taunton  Somerset ,,Somerset,,,,June 25  1936  Whitby  Yorkshire (aged 57 years 257 days) ,
Cecil Leonard Morley Brown,July 16  1895  Melton Mowbray  Leicestershire ,,Leicestershire,,Right-hand bat,Right-arm medium,December 6  1955  Crowthorne  Berkshire (aged 60 years 143 days) ,
Connor Rhys Brown,April 28  1997  Caerphilly  Glamorgan  Wales ,20 years 338 days,Glamorgan 2nd XI ,,Right-hand bat,Right-arm offbreak,Y Pant Comprehensive School,
D Brown,date unknown ,,Lincolnshire,,,,,
Dominic David Anthony Brown,December 18  1994 ,23 years 104 days,Lincolnshire ,,Right-hand bat,Right-arm medium,,
David John Brown,January 30  1942  Walsall  Staffordshire ,76 years 61 days,England ,,Right-hand bat,Right-arm fast-medium,,
David Owen Brown,December 8  1982  Burnley  Lancashire ,35 years 114 days,British Universities ,,Right-hand bat,Right-arm medium,Brother - ,
Daniel Thomas Brown,October 2  1992  Dukinfield  Tameside ,25 years 181 days,Cheshire ,,Right-hand bat,Right-arm medium,,
David Wyndham James Brown,February 26  1942  Sandfields  Cheltenham  Gloucestershire ,76 years 34 days,Gloucestershire,,Right-hand bat,Right-arm offbreak,,
Edward Brown,November 27  1911  Newcastle upon Tyne  Northumberland ,,Warwickshire,,Right-hand bat,Right-arm medium-fast,April 14  1978  Birmingham  Warwickshire (aged 66 years 138 days) ,
Hayley Brown,date unknown ,,Northamptonshire Women,,,,,
Edward John Brown,August 18  1981  Nuneaton  Warwickshire ,36 years 226 days,Cardiff MCCU ,,Right-hand bat,Slow left-arm orthodox,,
Elizabeth Mary Brown,March 23  1992  Nottingham ,26 years 9 days,Nottinghamshire Women,,Right-hand bat,Right-arm medium,,
Francis Andrew Brown,March 21  1990  Nottingham ,28 years 11 days,Cambridge MCCU ,,Right-hand bat,Slow left-arm orthodox,Nottingham High School  Jesus College  Cambridge,
Frederick Richard Brown,December 16  1910  Lima  Peru ,,England ,Allrounder,Right-hand bat,Right-arm medium  Legbreak googly,St Piran's  Maidenhead; The Leys; Cambridge University,
Georgina Brown,August 28  1996 ,21 years 216 days,Cumbria Women,,,,,
George Brown,October 6  1887  Cowley  Oxford ,,England ,,Left-hand bat,Right-arm medium,Wicketkeeper,
George Brown,April 27  1783  Stoughton  Sussex ,,Hampshire ,,Right-hand bat,(unknown arm) fast (underarm),June 25  1857  Sompting  Sussex (aged 74 years 59 days) ,
Gregg Brown,December 20  1972  Bath  Somerset ,45 years 102 days,Somerset Cricket Board,,Right-hand bat,Right-arm medium,,
GA Brown,date unknown ,,,,,,Umpire,
Graham Elliott Brown,October 11  1966  Balham  London ,51 years 172 days,Surrey,,Right-hand bat,,Wicketkeeper,
George Grainger Brown,June 16  1821  Brighton  Sussex ,,Sussex,,Right-hand bat,(unknown arm) slow (underarm),March 21  1875  Battersea  London (aged 53 years 278 days) ,
Gary Kevin Brown,June 16  1965  Welling  Kent ,52 years 289 days,Durham ,,Right-hand bat,Right-arm offbreak,Brother - ,
Gary Robert Brown,January 9  1988  Stevenage  Hertfordshire ,30 years 82 days,Hertfordshire,,Right-hand bat,Right-arm medium,,
George Rainy Reynolds Brown,December 8  1905  Maldon  Essex ,,Cambridge University ,,Right-hand bat,Slow left-arm orthodox,April 15  2000  Storrington  Sussex (aged 94 years 129 days) ,
Gavin Sinclair Brown,July 17  1965  Singapore ,52 years 258 days,Derbyshire 2nd XI,,Right-hand bat,Right-arm fast-medium,,
HTO Brown,date unknown ,,Eton College,,,,,
H W Brown,date unknown ,,Gloucestershire,,,,,
Imogen N Brown,March 25  1996  High Wycombe  Buckinghamshire ,22 years 7 days,Oxford University Women,,Right-hand bat,Right-arm medium,,
J Brown,date unknown ,,,,,,Umpire,
James Brown,date unknown ,,Yorkshire 2nd XI ,,,,Balshaw's CE High School  Leyland,
James Brown,February 7  1864  Gainford  Co Durham ,,Sussex,,Left-hand bat,Left-arm medium-fast,December 4  1916  Copenhagen  Denmark (aged 52 years 301 days) ,
John Brown,1862  Bingham  Nottinghamshire ,,Nottinghamshire,,Left-hand bat,Left-arm medium,details unknown ,
John Brown,March 22  1820  Warblington  Hampshire ,,Hampshire,,,,details unknown ,
John Brown,March 29  1807  Nottingham ,,Players of Nottinghamshire,,,,June 5  1883  Nottingham (aged 76 years 68 days) ,
John Dowell Brown,August 25  1890  Coventry  Warwickshire ,,Warwickshire,,Left-hand bat,Slow left-arm orthodox,March 18  1968  Leamington  Warwickshire (aged 77 years 206 days) ,
Jason Fred Brown,October 10  1974  Newcastle-under-Lyme  Staffordshire ,43 years 173 days,England ,,Right-hand bat,Right-arm offbreak,St. Margaret Ward RC School  Stoke on Trent,
Joseph Henry Brown,January 26  1872  Earl Shilton  Leicestershire ,,Leicestershire,,Right-hand bat,Right-arm offbreak,April 27  1915  Earl Shilton  Leicestershire (aged 43 years 91 days) ,
John Martin Brown,May 30  1937  Barry  Glamorgan  Wales ,80 years 306 days,,,,,Scorer,
John Thomas Brown,August 20  1869  Great Driffield  Yorkshire ,,England ,,Right-hand bat,Legbreak,November 4  1904  Pimlico  Westminster  London (aged 35 years 76 days) ,
Katherine Mary Brown,January 24  1953  Essex ,65 years 67 days,England Women ,,,Right-arm offbreak,,
Keith Robert Brown,March 18  1963  Edmonton  Middlesex ,55 years 14 days,Middlesex,,Right-hand bat,Right-arm slow-medium,Brother - ,
Karl Robert Brown,May 17  1988  Bolton  Lancashire ,29 years 319 days,Lancashire ,,Right-hand bat,Right-arm medium,Hesketh Fletcher CE  Atherton  Lancashire,
Lewis Brown,March 12  1874  Earl Shilton  Leicestershire ,,Leicestershire,,Right-hand bat,Right-arm medium,October 14  1951  Earl Shilton  Leicestershire (aged 77 years 216 days) ,
Liam Brown,date unknown ,,Nottinghamshire 2nd XI,,,,,
Lionel George Brown,April 23  1872  Ancaster  Lincolnshire ,,Oxford University,,Right-hand bat,,Wicketkeeper,
Mark Brown,September 3  1958  Bangor  Caernarvonshire  Wales ,59 years 210 days,Cambridgeshire,,Right-hand bat,Right-arm fast-medium,,
Matthew Brown,April 22  1991  North Shields  Northumberland ,26 years 344 days,Northumberland,,Right-hand bat,,,
Matthew Brown,October 3  1997 ,20 years 180 days,Cambridge MCCU,,Left-hand bat,Left-arm medium,,
Malcolm Edward Osborne Brown,August 19  1961  Durban  Natal  South Africa ,56 years 225 days,Oxford University,,Right-hand bat,Right-arm medium,,
Michael James Brown,February 9  1980  Burnley  Lancashire ,38 years 51 days,Durham MCCU ,,Right-hand bat,Right-arm offbreak,Brother - ,
Michael James Brown,April 10  1986  Newcastle-under-Lyme  Staffordshire ,31 years 356 days,Derbyshire 2nd XI ,,Left-hand bat,Slow left-arm orthodox,,
Martin Leonard Brown,January 30  1960  Bristol ,58 years 61 days,Bristol Cricket Club ,,,,Umpire,
Marc Lewis Brown,March 9  1983  Bangor  Caernarvonshire  Wales ,35 years 23 days,Cumberland,,Right-hand bat,Right-arm offbreak,,
Michael Peter Brown,January 4  1990  Worcester ,28 years 87 days,Herefordshire,,Right-hand bat,Right-arm fast-medium,,
Martin Vincent Brown,May 25  1979  Welwyn Garden City  Hertfordshire ,38 years 311 days,Hertfordshire,,Right-hand bat,Right-arm medium,,
Natalie Brown,October 16  1990  St Helens  Lancashire ,27 years 167 days,Lancashire Women ,,Right-hand bat,Right-arm medium,,
N Brown,date unknown ,,Essex 2nd XI,,,,,
Peter Brown,October 16  1943  Corbridge  Northumberland ,74 years 167 days,,,,,Umpire,
Pippa Brown,April 18  1998 ,19 years 348 days,Wiltshire Women,,,,,
Paul Anthony Brown,May 13  1965  Crediton  Devon ,52 years 323 days,Devon,,Right-hand bat,Right-arm medium,,
Patrick Rhys Brown,August 23  1998  Peterborough  Cambridgeshire ,19 years 221 days,Worcestershire 2nd XI,,Right-hand bat,Right-arm medium,,
Richard Brown,date unknown ,,Worcestershire 2nd XI,,,,,
Ryan Kenneth Brown,March 11  1988  Whitehaven  Cumbria ,30 years 21 days,Cheshire ,,Right-hand bat,Left-arm medium,Wicketkeeper,
Richard Lewis Brown,August 14  1811  Marylebone  London ,,Cambridge University,,,,details unknown ,
Sandra Brown,1940  Sutton  Surrey ,78 years,England Women ,,,,Sandra Fidler,
Samuel Brown,February 26  1857  Kimberley  Nottinghmashire ,,Nottinghamshire,,Right-hand bat,Right-arm fast-medium,September 5  1938  Edgeley  Cheshire (aged 81 years 191 days) ,
Stephen Benjamin Brown,June 12  1979  Basildon  Essex ,38 years 293 days,Essex 2nd XI,,Right-hand bat,Right-arm fast-medium,,
Stanley Harold Brown,March 15  1907  Arlesley  Bedfordshire ,,Marylebone Cricket Club,,Right-hand bat,,June 15  1978  Hitchin  Hertfordshire (aged 71 years 92 days) ,
Simon John Emmerson Brown,June 29  1969  Cleadon  Co Durham ,48 years 276 days,England ,,Right-hand bat,Left-arm medium-fast,Chubby,
Sydney Maurice Brown,December 8  1917  Eltham  Kent ,,Middlesex,,Right-hand bat,Right-arm offbreak,Wicketkeeper,
Stevens William Brown,April 15  1875  Cliffe  Kent ,,Kent,,,,October 21  1957  Watford  Hertfordshire (aged 82 years 189 days) ,
Thomas Brown,June 14  1848  Bingham  Nottinghamshire ,,Nottinghamshire,,Right-hand bat,Right-arm medium,July 2  1919  Netherfield  Nottinghamshire (aged 71 years 18 days) ,
Thomas Brown,August 9  1845  Rusper  Sussex ,,Surrey,,Right-hand bat,Right-arm medium (roundarm),details unknown ,
Thomas Austin Brown,April 11  1863  Wollaston  Northamptonshire ,,Marylebone Cricket Club,,Right-hand bat,Right-arm fast,March 12  1930  Dunstable  Bedfordshire (aged 66 years 335 days) ,
Timothy Alan Simon Brown,August 24  1965  North Shields  Northumberland ,52 years 220 days,Northumberland,,Right-hand bat,Right-arm medium,,
Thomas Charles Brown,March 25  1854  Ampthill  Bedfordshire ,,Sussex,,Right-hand bat,Right-arm fast-medium (roundarm),April 26  1936  Isleworth  Middlesex (aged 82 years 32 days) ,
W Brown,date unknown ,,,,,,Umpire,
William Brown,date unknown ,,Hampshire ,,,,,
William Brown,June 13  1866  Brierley Hill  Staffordshire ,,Lancashire,,Right-hand bat,Left-arm medium,details unknown ,
William Brown,January 17  1889  Accrington  Lancashire ,,Lancashire,,,(unknown arm) fast-medium,details unknown ,
William Brown,April 11  1888  Old Woodhouse  Leicestershire ,,Leicestershire,,Left-hand bat,Left-arm slow-medium,September 3  1964  Heywood  Lancashire (aged 76 years 145 days) ,
William Brown,November 19  1876  Snape Hill  Darfield  Yorkshire ,,Yorkshire,,Right-hand bat,Right-arm fast,July 27  1945  Barnsley  Yorkshire (aged 68 years 250 days) ,
William Cecil Brown,November 13  1900  Wellingborough  Northamptonshire ,,Northamptonshire,,Right-hand bat,,January 20  1986  Hove  Sussex (aged 85 years 68 days) ,
William Edward Brown,November 8  1899  Surbiton  Surrey ,,,,,,Umpire,
Walter Medlicott Rodney Brown,July 31  1868  Benares (now Varanasi)  Uttar Pradesh  India ,,Gloucestershire,,Right-hand bat,,Walter Medlicott Rodney-Brown,
William Stanley Alston Brown,May 23  1877  Clifton  Bristol ,,Gloucestershire ,,Right-hand bat,Left-arm slow-medium,September 12  1952  Kingsdown  Bristol (aged 75 years 112 days) ,
Zara Brown,November 3  1997 ,20 years 149 days,Dorset Women,,,,,
B A Browne,date unknown ,,The Bs,,,,,
Cyril Ross Browne,February 7  1893  King's Norton  Worcestershire ,,Cambridge University ,,Right-hand bat,Right-arm medium,April 30  1948  Eastbourne  Sussex (aged 55 years 83 days) ,
David William Browne,April 4  1964  Stamford  Lincolnshire ,53 years 362 days,Cambridge University,,Right-hand bat,,Umpire,
Elliott Kenworthy Browne,October 10  1847  Goldington Hall  Bedfordshire ,,Gloucestershire,,Right-hand bat,Right-arm fast,March 10  1915  Bournemouth  Hampshire (aged 67 years 151 days) ,
Francis Bernard Ross Browne,July 28  1899  Eastbourne  Sussex ,,Cambridge University ,,Right-hand bat,Right-arm fast-medium,March 11  1970  Pewsey  Wiltshire (aged 70 years 226 days) ,
Franklin Doughty Browne,March 4  1873  Tufnell Park  London ,,Kent,,Right-hand bat,,August 12  1946  Cobham  Kent (aged 73 years 161 days) ,
Gerald Elliott Kenworthy Browne,May 14  1850  Goldington Hall  Bedfordshire ,,Gloucestershire,,Right-hand bat,,later Gerald Elliott Kenworthy-Browne,
George Fairbrother Browne,1835 ,,Middlesex ,,,,May 28  1919  Lowestoft  Suffolk (aged 84 years) ,
Horace James Browne,December 1  1842  Cambridge ,,Cambridgeshire,,,,March 19  1896  Byfleet  Surrey (aged 53 years 109 days) ,
N Browne,date unknown ,,Suffolk,,,,,
Nicholas Laurence Joseph Browne,March 24  1991  Leytonstone  Essex ,27 years 8 days,Essex ,,Left-hand bat,Legbreak,Trinity College  Essex,
Samuel James T Browne,July 14  1992  Greater London ,25 years 261 days,Cambridge University ,,Right-hand bat,,Eton; Fitwilliam  Cambridge,
Eric Lindsay Douglas Brownell,November 7  1876  Hobart  Tasmania  Australia ,,Worcestershire,,Right-hand bat,,October 22  1945  Windsor  New South Wales  Australia (aged 68 years 349 days) ,
Douglas Harold Brownfield,March 30  1856  Hanley  Staffordshire ,,England,,Right-hand bat,,August 5  1917  Llandudno  Caernarvonshire  Wales (aged 61 years 128 days) ,
Thomas Brownhill,October 10  1838  Ecclesfield  Sheffield  Yorkshire ,,Yorkshire,,Right-hand bat,,January 6  1915  Wortley  Sheffield  Yorkshire (aged 76 years 88 days) ,
Frederick Henry Browning,August 1  1870  Barton Mere  Bury St Edmunds  Suffolk ,,Marylebone Cricket Club,,Right-hand bat,,Wicketkeeper,
Richard James Browning,October 9  1987  Wolverhampton ,30 years 174 days,Derbyshire ,,Right-hand bat,Right-arm medium-fast,Wolverhampton Grammar School,
T Browning,date unknown ,,Kent XI,,,,,
William Browning,date unknown ,,Gentlemen of Kent ,,,,,
Leigh Dunlop Brownlee,December 17  1882  Cotham  Redland  Bristol  Gloucestershire ,,Gloucestershire ,,Right-hand bat,Right-arm slow,September 22  1955  Clifton  Bristol (aged 72 years 279 days) ,
Wilfred Methven Brownlee,April 18  1890  Cotham  Redland  Bristol  Gloucestershire ,,Gloucestershire,,Right-hand bat,Right-arm fast-medium,October 12  1914  Wyke Regis  Dorset (aged 24 years 177 days) ,
Christopher Brownlow,date unknown  Bolton  Lancashire ,,Cumberland,,,,,
George Neville Brownrigg,July 16  1896  Durrow  Queen's County  Ireland ,,Sussex,,,Left-arm bowler,January 20  1981  Westminster  London (aged 84 years 188 days) ,
John Thomas Brown,November 24  1874  Snape Hill  Darfield  Yorkshire ,,Yorkshire,,Right-hand bat,Right-arm fast,JT Brown jnr,
Clarence Napier Bruce,August 2  1885  Pimlico  Westminster  London ,,Middlesex ,,Right-hand bat,,Brother-in-law - ,
Edward Charles Alistair Bruce,May 3  1987  Hammersmith  London ,30 years 333 days,Hampshire 2nd XI,,Right-hand bat,Right-arm medium,Brother - ,
Hillary Bruce,date unknown ,,Northumberland Women,,Right-hand bat,Right-arm medium,,
John Bruce,July 30  1838  Duffryn  Glamorgan ,,Gentlemen of the South,,,,May 15  1880  Holy Island  Berwick (aged 41 years 290 days) ,
Jack Bruce,date unknown ,,Middlesex ,,,,,
James Thomas Anthony Bruce,December 17  1979  Hammersmith  London ,38 years 105 days,Cumberland ,,Right-hand bat,Right-arm medium-fast,Brother - ,
Lewis Robert Bruce,February 27  1987  Peterborough  Cambridgeshire ,31 years 33 days,Cambridgeshire ,,Right-hand bat,Right-arm offbreak,,
Robert William James Bruce,April 29  1978  Hammersmith  London ,39 years 337 days,Eton College,,,,Brother - ,
Thomas Oscar Bruce,February 10  1983  Oxfordshire ,35 years 50 days,Durham MCCU,,Left-hand bat,Slow left-arm orthodox,,
William Bruce,date unknown ,,Durham UCCE,,,,,
William Cunningham Bruce,September 20  1825  Bombay (now Mumbai)  Maharashtra  India ,,Gentlemen of Kent,,,,May 29  1906  Windsor  Berkshire (aged 80 years 251 days) ,
Rab Brougham Bruce-Lockhart,December 1  1916  Rugby  Warwickshire ,,Cambridge University,,Right-hand bat,Legbreak,Father - ,
Robert Brudenell,April 25  1760  Westminster  London ,,Marylebone Cricket Club,,,,August 14  1837  Marylebone  London (aged 77 years 111 days) ,
Henry Bruen,July 26  1856 ,,EJ Sanders' XI,,,,November 26  1917 (aged 61 years 123 days) ,
Jamie Lee Brumby,December 12  1996  Gainsborough ,21 years 110 days,Lincolnshire ,,Right-hand bat,Right-arm medium,,
Jack Brumfitt,February 18  1917  Guiseley  Leeds  Yorkshire ,,Yorkshire,,Right-hand bat,,March 16  1987  Ilkley  Yorkshire (aged 70 years 26 days) ,
George Bryan Brummell,June 7  1778  Westminster  London ,,Hampshire,,,,March 30  1840  Caen  Normandy  France (aged 61 years 297 days) ,
Charles Julius Brune,April 16  1843  Matanzas  Cuba ,,Cambridge University ,,Right-hand bat,Right-arm medium-fast (roundarm),Godolphin School  Hammersmith; Cambridge University,
Iain Brunnschweiler,December 10  1979  Southampton  Hampshire ,38 years 112 days,Hampshire,,Right-hand bat,,Coach,
Sarah Catherine Brunskill,November 20  1997  Newcastle upon Tyne  Northumberland ,20 years 132 days,Northumberland Women,,,,,
Katherine Helen Brunt,July 2  1985  Barnsley ,32 years 273 days,England Women,Bowler,Right-hand bat,Right-arm medium-fast,,
C Brunton,date unknown ,,Norfolk,,,,,
John du Vallon Brunton,July 23  1869  Benares (now Varanasi)  Uttar Pradesh  India ,,Cambridge University,,Right-hand bat,,November 12  1962  Knutsford  Cheshire (aged 93 years 112 days) ,
Herbert Jack Brunwin,April 28  1912  Layer-de-la-Haye  Essex ,,Essex,,Right-hand bat,Right-arm medium-fast,January 17  1990  Colchester  Essex (aged 77 years 264 days) ,
Charles Lamb Bruton,April 6  1890  Wotton  Gloucester ,,Gloucestershire,,Right-hand bat,,March 26  1969  Henley-on-Thames  Oxfordshire (aged 78 years 354 days) ,
Charles Phipps Brutton,January 20  1899  Craneswater Park  Southsea  Hampshire ,,Hampshire,,Right-hand bat,,May 11  1964  Ticehurst House  Sussex (aged 65 years 112 days) ,
Ernest Bartholomew Brutton,July 29  1864  Tynemouth  Northumberland ,,CI Thornton's XI ,,Right-hand bat,Right-arm fast,April 19  1922  Aylesbeare  Devon (aged 57 years 264 days) ,
Septimus Brutton,July 26  1869  Tynemouth  Northumberland ,,Hampshire,,Right-hand bat,,September 29  1933  Marylebone  London (aged 64 years 65 days) ,
Bryan,date unknown  Jamaica ,,Marylebone Cricket Club,,,,,
Andrew Paul Bryan,July 31  1964  Birmingham  Warwickshire ,53 years 244 days,Worcestershire Cricket Board,,Right-hand bat,,,
Charlotte Olivia Bryan,November 20  1995  Bromley  Kent  ,22 years 132 days,Kent Women,,,,,
Frank Bryan,September 12  1853  Amersham  Buckinghamshire ,,Middlesex,,,,Wicketkeeper,
Godfrey James Bryan,December 29  1902  Beckenham  Kent ,,Kent,,Left-hand bat,Right-arm medium,March 24  1991  Canterbury  Kent (aged 88 years 85 days) ,
John Bryan,October 17  1841  Lower Slaughter  Gloucestershire ,,Gloucestershire,,Right-hand bat,,June 24  1909  Minchinhampton  Gloucestershire (aged 67 years 250 days) ,
John Lindsay Bryan,May 26  1896  Beckenham  Kent ,,Cambridge University ,,Left-hand bat,,April 23  1985  Eastbourne  Sussex (aged 88 years 332 days) ,
Russell Barnaby Bryan,February 14  1981  Maidstone  Kent ,37 years 46 days,Devon,,Right-hand bat,Right-arm fast-medium,,
Ronald Thurston Bryan,July 30  1898  Beckenham  Kent ,,Kent,,Left-hand bat,Legbreak googly,July 27  1970  Pevensey Bay  Sussex (aged 71 years 362 days) ,
Thomas Edward Bryan,October 31  1988  Colchester ,29 years 152 days,Oxford MCCU ,,Right-hand bat,Right-arm medium-fast,5.11  ,
William Bryan,September 22  1856  Kimberley  Nottinghamshire ,,South of England,,Right-hand bat,Right-arm medium,May 22  1933  Brooklands  Cambridge (aged 76 years 242 days) ,
Benjamin Joshua Bryant,December 15  1994  London ,23 years 107 days,Cambridgeshire ,,Right-hand bat,Right-arm offbreak,,
Chris Bryant,date unknown ,,England,,,,Umpire,
David Bryant,date unknown ,,,,,,Umpire,
David John Bryant,October 29  1950  Wandsworth  London ,67 years 154 days,Oxford University,,Right-hand bat,Right-arm fast-medium,,
Edwin Harvey Bryant,September 12  1886  Bromsgrove  Worcestershire ,,Worcestershire,,,,October 24  1948  Barnt Green  Worcestershire (aged 62 years 42 days) ,
Herbert William Bryant,June 30  1867  Uxbridge  Middlesex ,,Middlesex,,Right-hand bat,,Wicketkeeper,
Leonard Eric Bryant,June 2  1936  Weston-super-Mare  Somerset ,,Somerset,,Left-hand bat,Slow left-arm orthodox,November 28  1999  Brent Knoll  Somerset (aged 63 years 179 days) ,
Michael Bryant,April 5  1959  Beacon  Camborne  Cornwall ,58 years 361 days,Somerset,,Right-hand bat,Right-arm fast-medium,,
Mabel Bryant,date unknown ,,,,,,Umpire,
Dean Richard Bryce,May 17  1995  Milton Keynes  Buckinghamshire ,22 years 319 days,Bedfordshire,,Right-hand bat,Right-arm medium-fast,,
Paul Robert John Bryson,July 6  1968  Welton  Liverpool  Lancashire ,49 years 269 days,Cheshire,,Right-hand bat,Right-arm offbreak,,
David Buchanan,January 16  1830  Edinburgh  Midlothian  Scotland ,,Cambridge University,,Left-hand bat,Left-arm fast (roundarm)  Right-arm slow,May 30  1900  Northfield House  Rugby  Warwickshire (aged 70 years 134 days) ,
John Nevile Buchanan,May 30  1887  Grahamstown  Cape Province  South Africa ,,Buckinghamshire ,,Right-hand bat,Right-arm medium-fast,October 31  1969  St John's Wood  London (aged 82 years 154 days) ,
Laurence George Buchanan,March 9  1976  Perivale  Middlesex ,42 years 23 days,Oxford University,,Right-hand bat,,Wicketkeeper,
Nicholas John Scouler Buchanan,June 11  1989  Basingstoke ,28 years 294 days,Oxford University,,Right-hand bat,Right-arm fast-medium,6.03  ,
Anthony C Buck,August 18  1944  Oxford ,73 years 226 days,Oxfordshire,,,,,
Hannah Jane Buck,February 11  1992  York ,26 years 49 days,Yorkshire Women,,,,,
Nathan Liam Buck,April 26  1991  Leicester ,26 years 340 days,England Lions ,,Right-hand bat,Right-arm medium-fast,,
William Dalton Buck,September 30  1946  Portswood  Southampton  Hampshire ,71 years 183 days,Hampshire ,,Right-hand bat,Right-arm medium,,
Claude Percival Buckenham,January 16  1876  Herne Hill  London ,,England ,,Right-hand bat,Right-arm fast,February 23  1937  Dundee  Angus  Scotland (aged 61 years 38 days) ,
Craig Thomas Buckham,August 9  1983  Ashford  Kent ,34 years 235 days,Cambridge MCCU ,,Right-hand bat,Legbreak,,
Amyand David Buckingham,January 28  1930  Pymble  Sydney  New South Wales  Australia ,88 years 63 days,Cambridge University,,Right-hand bat,Right-arm offbreak,,
John Buckingham,January 21  1903  Grimethorpe  Yorkshire ,,Warwickshire,,Right-hand bat,,Wicketkeeper,
William Buckingham,January 4  1798  Uxbridge  Middlesex ,,Players,,,,c. Jan to Jun 1878  Middlesex ,
